Name,Value,Unit,Description,Source,Last Modified
Mission_Duration_Requirement,5,years,"Mission duration requirement","Jeff Kruk",2019-07-26T17:57:00
Mission_Duration_Goal,10,years,"Mission duration goal","Jeff Kruk",2019-07-26T17:57:00
Mission_Launch_Site,"Cape Canaveral Air Force Station, Florida",,"Launch site","WFIRST-AFTA SDT Final Report, May 24, 2013",2015-10-25T10:02:40 
Spacecraft_Operating_Temperature,298,K,"Operating temperature of the spacecraft","Jeff Kruk",2015-05-19T10:15:00
Spacecraft_Orbit_Type,"Sun-Earth L2",,"Type of spacecraft orbit","Jeff Kruk",2016-04-11T09:20:00
Spacecraft_Downlink_Rate,275,Mbps,"Spacecraft downlink rate","Julie McEnery 237th AAS meeting Town Hall talk",2020-01-15T10:48:00
Spacecraft_Downlink_Volume,11,Tbits/day,"Spacecraft downlink volume","Jeff Kruk",2019-03-29T14:43:00
Spacecraft_Slew_Angle_Gap_Fill,0.025,degrees,"Gap fill slew angle","Jeff Kruk",2019-03-29T15:15:00
Spacecraft_Slew_Time_Gap_Fill,21.4,seconds,"Gap fill slew time","Jeff Kruk",2020-07-13T10:15:00
Spacecraft_Slew_Angle_Short_FoV,0.4,degrees,"Shorter side of field-of-view slew angle (six reaction wheel operation)","Jeff Kruk",2019-03-29T15:18:00
Spacecraft_Slew_Time_Short_FoV,49.3,seconds,"Shorter side of field-of-view slew time (including the settle time; six reaction wheel operation)","Jeff Kruk",2020-07-13T10:15:00
Spacecraft_Slew_Angle_Long_FoV,0.8,degrees,"Long side of field-of-view slew angle (six reaction wheel operation)","Jeff Kruk",2019-03-29T15:18:00
Spacecraft_Slew_Time_Long_FoV,67.4,seconds,"Long side of field-of-view slew time (including the settle time; six reaction wheel operation)","Jeff Kruk",2020-07-13T10:17:00
Spacecraft_Slew_Angle_Microlensing_Maximum,2.06,degrees,"Maximum microlensing slew angle (six reaction wheel operation)","Jeff Kruk",2019-03-29T15:24:00
Spacecraft_Slew_Time_Microlensing_Maximum,99,seconds,"Maximum microlensing slew time (including the settle time; six reaction wheel operation)","Jeff Kruk",2019-03-29T15:25:00
Spacecraft_Slew_Time_Two_Degrees,99,seconds,"Two degree slew time (including the settle time; six reaction wheel operation)","Jeff Kruk",2020-07-13T10:18:00
Spacecraft_Slew_Time_Five_Degrees,162,seconds,"Five degree slew time (including the settle time; six reaction wheel operation)","Jeff Kruk",2020-07-13T10:18:00
Spacecraft_Slew_Time_Ten_Degrees,267,seconds,"Ten degree slew time (including the settle time; six reaction wheel operation)","Jeff Kruk",2019-03-29T15:28:00
Spacecraft_Slew_Time_Thirty_Degrees,667,seconds,"Thirty degree slew time (including the settle time; six reaction wheel operation)","Jeff Kruk",2019-03-29T15:29:00
Spacecraft_Slew_Time_Ninety_Degrees,1865,seconds,"Thirty degree slew time (including the settle time; six reaction wheel operation)","Jeff Kruk",2019-03-29T15:29:00
Spacecraft_Slew_Settling_Time_Small,"10+slew angle (degrees)",seconds,"Spacecraft settling time after a slew of less than ten degrees","Jeff Kruk",2019-03-29T15:33:00
Spacecraft_Slew_Settling_Time_Large,20,seconds,"Spacecraft settling time after a slew of more than ten degrees","Jeff Kruk",2019-03-29T15:34:00
Telescope_Jitter,12,milliarcsec,"Telescope jitter for high frequencies (vibration modes in the optics) per axis (rms)","Jeff Kruk",2021-02-23T17:53:00
Telescope_Drift,8,milliarcsec,"Telescope drift at frequencies within the Attitude Control System's bandwidth per axis (rms)","Jeff Kruk",2021-02-23T17:55:00
Telescope_Primary_Diameter,2.36,m,"Diameter of the telescope primary mirror","WFIRST Requirements Flowdown": Kruk_APAC_Oct2018_r2.pdf",2019-08-08T15:37:00
Telescope_Primary_Mirror_Temperature,265,K,"Telescope primary mirror temperature","Jeff Kruk",2021-02-23T18:15:00
Telescope_Central_Obscuration,30.3,"%","Linear obscuration of the telescope entrance pupil (diameter ratio)","WFIRSTWFIMCRTransmission 160315.xlsm",2016-04-11T09:23:00
Telescope_Allowed_Pitch_Range,54-126,degrees,"Allowed telecope pitch range towards (0 degrees) the Sun and away (180 degrees) from the Sun","Jeff Kruk",2019-03-29T14:47:00 
Telescope_Allowed_Yaw_Range,0-360,degrees,"Allowed telecope yaw range about the Sun line","Jeff Kruk",2019-03-29T14:49:00
Telescope_Allowed_Roll_Range,-15-+15,degrees,"Allowed telecope roll about the line of sight (off maximum power roll angle)","Jeff Kruk",2019-04-05T11:15:00 
WFI_Correlated_Noise,5,e<sup>-</sup>,"WFI detector correlated noise floor","WFIRST-AFTA SDT Report, March 10, 2015",2015-03-24T15:27:00
WFI_Count_Rate_Zody_Minimum_F062,0.27,,"Count rate per pixel in the F062 filter at minimum zodiacal light","Jeff Kruk",2021-02-23T18:19:00
WFI_Count_Rate_Zody_Minimum_F087,0.27,,"Count rate per pixel in the F087 filter at minimum zodiacal light","Jeff Kruk",2021-02-23T18:19:00
WFI_Count_Rate_Zody_Minimum_F106,0.29,,"Count rate per pixel in the F106 filter at minimum zodiacal light","Jeff Kruk",2021-02-23T18:20:00
WFI_Count_Rate_Zody_Minimum_F129,0.28,,"Count rate per pixel in the F129 filter at minimum zodiacal light","Jeff Kruk",2021-02-23T18:20:00
WFI_Count_Rate_Zody_Minimum_F158,0.26,,"Count rate per pixel in the F158 filter at minimum zodiacal light","Jeff Kruk",2021-02-23T18:20:00
WFI_Count_Rate_Zody_Minimum_F184,0.15,,"Count rate per pixel in the F184 filter at minimum zodiacal light","Jeff Kruk",2021-02-23T18:21:00
WFI_Count_Rate_Zody_Minimum_F146,0.85,,"Count rate per pixel in the F146 filter at minimum zodiacal light","Jeff Kruk",2021-02-23T18:23:00
WFI_Count_Rate_Zody_Minimum_F213,0.13,,"Count rate per pixel in the F213 filter at minimum zodiacal light","Jeff Kruk",2021-02-23T18:23:00
WFI_Count_Rate_Zody_Minimum_Prism,0.95,,"Count rate per pixel in the Prism at minimum zodiacal light","Jeff Kruk",2021-02-23T18:23:00
WFI_Count_Rate_Zody_Minimum_Grism,0.65,,"Count rate per pixel in the Grism at minimum zodiacal light","Jeff Kruk",2021-02-23T18:23:00
WFI_Dark_Current,< 0.1,e<sup>-</sup>/s/pixel,"WFI detector dark current per pixel (requirement)","Jeff Kruk",2019-03-29T17:35:00
WFI_Detector_Guide_Star_Update_Rate,"~5.8",Hz,"Guide star update rate","Jeff Kruk",2021-02-23T18:13:00
WFI_Detector_Type,"H4RG-10",,"Detector type for WFI","WFIRST-AFTA SDT Report, March 10, 2015",2015-03-24T15:28:00
WFI_Detector_Quantum_Efficiency_Long,">80","%","WFI detector quantum efficiency (requirement; average over wavelengths between 0.8 and 2.1 microns","Jeff Kruk",2019-03-29T17:38:00
WFI_Detector_Quantum_Efficiency_Short,">60","%","WFI detector quantum efficiency (requirement; average over wavelengths between 0.6 and 0.8 microns","Jeff Kruk",2019-03-29T17:39:00
WFI_Detector_Readout_Time,3.04,"sec","Sensor Chip Assembly full frame readout time","Jeff Kruk",2021-02-23T18:09:00
WFI_Detector_Pixel_Operability,">95","%","WFI detector pixel operability (requirement)","Jeff Kruk",2019-03-29T17:42:00
WFI_Detector_Total_Crosstalk,"<12","%","WFI detector total crosstalk (requirement)","Jeff Kruk",2019-03-29T17:45:00
WFI_Detector_Total_Noise_180s,"5-6","electrons","WFI detector total noise (rms uncertainty in slope fit for an exposure time of 180 sec)","Jeff Kruk",2021-03-03T15:56:00
WFI_Detector_Inter_Pixel_Capacitance,0.9119,,"WFI detector inter-pixel capacitance (fraction of a pixel-centered total charge of 1 actually deposited in the central pixel)","Jeff Kruk",2021-03-01T12:24:00
WFI_Detector_Full_Frame_Readout_Time,2.74,seconds,"WFI detector full frame readout time","Jeff Kruk",2019-03-29T17:51:00
WFI_Field_Of_View_Effective,0.281,deg<sup>2</sup>,"WFI total effective field of view (ignoring gaps between detectors)","WFIRST-AFTA SDT Report, March 10, 2015",2015-03-24T15:50:00
WFI_Field_Of_View_Total,0.32,deg<sup>2</sup>,"WFI total field of view (including gaps between detectors)","Jeff Kruk",2014-11-26T11:21:00
WFI_Focal_Ratio,7.9,,"WFI instrument and telescope's combined focal ratio","Jeff Kruk",2014-11-26T11:11:00
WFI_Number_Of_Active_Columns,4088,pixel,"Number of active detector columns (also known as the number of pixels in the x-direction) in (the image section of) a detector","WFIRST-AFTA SDT Report, March 10, 2015",2015-03-24T18:11:02
WFI_Number_Of_Active_Rows,4088,pixel,"Number of active detector rows (also known as the number of pixels in the y-direction) in (the image section of) a detector","Jeff Kruk",2021-02-23T17:58:00
WFI_Jitter_Wavefront_Error,"< 0.707",nm,"Telescope intermediate focus wavefront error jitter (requirement)","WFIRST-AFTA SDT Report, March 10, 2015",2015-03-24T15:23:00
WFI_Image_Stability,1.0,nm,"RMS wave front error (WFE) variation in 180 sec","Jeff Kruk",2019-03-29T17:18:00
WFI_Pixel_Scale,0.11,arcsec,"WFI detector pixel scale in arcseconds/pixel","WFIRST-AFTA SDT Report, March 10, 2015",2015-03-24T18:30:00
WFI_Pixel_Size,10,10<sup>-6</sup> m,"WFI wide-field channel pixel size in each dimension","WFIRST-AFTA SDT Report, March 10, 2015",2015-03-26T11:54:00
WFI_PSF_Ellipticity,"< 0.00047",,"WFI point spread function ellipticity per 184 seconds at WFI focus","WFIRST-AFTA SDT Report, March 10, 2015",2015-03-24T18:32:00 
WFI_Readout_Noise,"< 20",e<sup>-</sup>,"WFI detector pixel readout noise rms for correlated double sampling (two successive detector readouts)","Jeff Kruk",2019-08-02T15:55:00
WFI_Temperature,"< 100",K,"WFI detector operating temperature","Jeff Kruk",2014-11-26T11:06:00
WFI_Number,18,,"Total number of scientific detectors in WFI","WFIRST-AFTA SDT Report, March 10, 2015",2015-03-24T18:40:00
WFI_Grism_Dispersion,1.04-1.14,nm/pixel,"WFI Grism dispersion, dependent mostly on the FPA Y value in degrees (Y axis is positive towards payload origin and FPA Y axis origin is between detectors 1 and 10) as -0.1945Y + 1.0764.","Jeff Kruk",2014-12-18T17:51:00
WFI_Grism_Wavelength_Range_G150,1.00-1.93,10<sup>-6</sup> m,"WFI Grism wavelength range","WFIRSTWFIMCRTransmission 160315.xlsm",2016-04-16T14:17:00
WFI_Grism_Spectral_Resolving_Power_G150,"461lambda",,"WFI Grism resolving power (lambda in microns; two pixels)","Jeff Kruk",2019-07-26T18:12:00
WFI_Prism_Wavelength_Range_P127,0.75-1.80,10<sup>-6</sup> m,"WFI prism wavelength range","Roman Reference Information Sheet 20210108-01",2021-01-09T18:40:00
WFI_Prism_Spectral_Resolving_Power_P127,80-180,,"WFI Prism resolving power (delta lambda = two pixels)","Roman Reference Information Sheet 20210108-01",2021-01-09T18:40:00
WFI_Sensitivity_Grism_Point_Source_Short,21.0,"AB mag","WFI Grism limiting point source sensitivity (10-sigma per pixel in continuum) at 1.2 microns in 1 hour of exposure time, zodiacal light set at twice the minimum value","Roman Reference Information Sheet 20210108-01",2021-01-09T19:08:00
WFI_Sensitivity_Grism_Point_Source_Long,20.7,"AB mag","WFI Grism limiting point source sensitivity (10-sigma per pixel in continuum) at 1.5 microns in 1 hour of exposure time, zodiacal light set at twice the minimum value","Roman Reference Information Sheet 20210108-01",2021-01-09T19:08:00
WFI_Sensitivity_Prism_Point_Source_Short,22.2,"AB mag","WFI prism limiting point source sensitivity (10-sigma per pixel in continuum) at 0.8 microns in 1 hour of exposure time, zodiacal light set at twice the minimum value","Roman Reference Information Sheet 20210108-01",2021-01-09T19:06:00
WFI_Sensitivity_Prism_Point_Source_Medium,23.0,"AB mag","WFI prism limiting point source sensitivity (10-sigma per pixel in continuum) at 1.2 microns in 1 hour of exposure time, zodiacal light set at twice the minimum value","Roman Reference Information Sheet 20210108-01",2021-01-09T19:06:00
WFI_Sensitivity_Prism_Point_Source_Long,23.0,"AB mag","WFI prism limiting point source sensitivity (10-sigma per pixel in continuum) at 1.5 microns in 1 hour of exposure time, zodiacal light set at twice the minimum value","Roman Reference Information Sheet 20210108-01",2021-01-09T19:06:00
WFI_Sensitivity_F062_Point_Source,28.6,"AB mag","WFI filter F062 limiting point source sensitivity (5-sigma) in 1 hour of exposure time, zodiacal light set at twice the minimum value","Jeff Kruk",2021-01-09T18:50:00
WFI_Sensitivity_F087_Point_Source,28.2,"AB mag","WFI filter F087 limiting point source sensitivity (5-sigma) in 1 hour of exposure time, zodiacal light set at twice the minimum value","Jeff Kruk",2021-01-09T18:50:00
WFI_Sensitivity_F106_Point_Source,28.1,"AB mag","WFI filter F106 limiting point source sensitivity (5-sigma) in 1 hour of exposure time, zodiacal light set at twice the minimum value","Jeff Kruk",2021-01-09T18:50:00
WFI_Sensitivity_F129_Point_Source,28.0,"AB mag","WFI filter F129 limiting point source sensitivity (5-sigma) in 1 hour of exposure time, zodiacal light set at twice the minimum value","Jeff Kruk",2021-01-09T18:50:00
WFI_Sensitivity_F158_Point_Source,28.0,"AB mag","WFI filter F158 limiting point source sensitivity (5-sigma) in 1 hour of exposure time, zodiacal light set at twice the minimum value","Jeff Kruk",2021-01-09T18:50:00
WFI_Sensitivity_F184_Point_Source,27.5,"AB mag","WFI filter F184 limiting point source sensitivity (5-sigma) in 1 hour of exposure time, zodiacal light set at twice the minimum value","Jeff Kruk",2021-01-09T18:50:00
WFI_Sensitivity_F213_Point_Source,26.2,"AB mag","WFI filter F213 limiting point source sensitivity (5-sigma) in 1 hour of exposure time, zodiacal light set at twice the minimum value","Roman Reference Information Sheet 20210108-01",2021-01-09T18:54:00
WFI_Sensitivity_F146_Point_Source,28.3,"AB mag","WFI filter F146 limiting point source sensitivity (5-sigma) in 1 hour of exposure time, zodiacal light set at twice the minimum value","Roman Reference Information Sheet 20210108-01",2021-01-10T12:17:00
WFI_Sensitivity_110_Point_Source_Emission_Line,5.7,10<sup>-17</sup> ergs cm<sup>-2</sup>sec<sup>-1</sup>,"WFI emission line detected at 6.5-sigma in one hour for a point source at 1.1 microns, zodiacal light set at twice the minimum value","Roman Reference Information Sheet 20210108-01",2021-01-09T19:18:00
WFI_Sensitivity_110_Extended_Source_Emission_Line,11.0,10<sup>-17</sup> ergs cm<sup>-2</sup>sec<sup>-1</sup>,"WFI emission line detected at 6.5-sigma in one hour for a source with half light radius = 0.2 arcsec at 1.1 microns, zodiacal light set at twice the minimum value","Roman Reference Information Sheet 20210108-01",2021-01-09T19:18:00
WFI_Sensitivity_120_Point_Source_Emission_Line,4.3,10<sup>-17</sup> ergs cm<sup>-2</sup>sec<sup>-1</sup>,"WFI emission line detected at 6.5-sigma in one hour for a point source at 1.2 microns, zodiacal light set at twice the minimum value","Roman Reference Information Sheet 20210108-01",2021-01-09T19:18:00
WFI_Sensitivity_120_Extended_Source_Emission_Line,8.2,10<sup>-17</sup> ergs cm<sup>-2</sup>sec<sup>-1</sup>,"WFI emission line detected at 6.5-sigma in one hour for a source with half light radius = 0.2 arcsec at 1.2 microns, zodiacal light set at twice the minimum value","Roman Reference Information Sheet 20210108-01",2021-01-09T19:18:00
WFI_Sensitivity_130_Point_Source_Emission_Line,3.8,10<sup>-17</sup> ergs cm<sup>-2</sup>sec<sup>-1</sup>,"WFI emission line detected at 6.5-sigma in one hour for a point source at 1.3 microns, zodiacal light set at twice the minimum value","Roman Reference Information Sheet 20210108-01",2021-01-09T19:18:00
WFI_Sensitivity_130_Extended_Source_Emission_Line,7.1,10<sup>-17</sup> ergs cm<sup>-2</sup>sec<sup>-1</sup>,"WFI emission line detected at 6.5-sigma in one hour for a source with half light radius = 0.2 arcsec at 1.3 microns, zodiacal light set at twice the minimum value","Roman Reference Information Sheet 20210108-01",2021-01-09T19:18:00
WFI_Sensitivity_140_Point_Source_Emission_Line,3.6,10<sup>-17</sup> ergs cm<sup>-2</sup>sec<sup>-1</sup>,"WFI emission line detected at 6.5-sigma in one hour for a point source at 1.4 microns, zodiacal light set at twice the minimum value","Roman Reference Information Sheet 20210108-01",2021-01-09T19:18:00
WFI_Sensitivity_140_Extended_Source_Emission_Line,6.7,10<sup>-17</sup> ergs cm<sup>-2</sup>sec<sup>-1</sup>,"WFI emission line detected at 6.5-sigma in one hour for a source with half light radius = 0.2 arcsec at 1.4 microns, zodiacal light set at twice the minimum value","Roman Reference Information Sheet 20210108-01",2021-01-09T19:18:00
WFI_Sensitivity_150_Point_Source_Emission_Line,3.6,10<sup>-17</sup> ergs cm<sup>-2</sup>sec<sup>-1</sup>,"WFI emission line detected at 6.5-sigma in one hour for a point source at 1.5 microns, zodiacal light set at twice the minimum value","Roman Reference Information Sheet 20210108-01",2021-01-09T19:18:00
WFI_Sensitivity_150_Extended_Source_Emission_Line,7.0,10<sup>-17</sup> ergs cm<sup>-2</sup>sec<sup>-1</sup>,"WFI emission line detected at 6.5-sigma in one hour for a source with half light radius = 0.2 arcsec at 1.5 microns, zodiacal light set at twice the minimum value","Roman Reference Information Sheet 20210108-01",2021-01-09T19:18:00
WFI_Sensitivity_160_Point_Source_Emission_Line,3.9,10<sup>-17</sup> ergs cm<sup>-2</sup>sec<sup>-1</sup>,"WFI emission line detected at 6.5-sigma in one hour for a point source at 1.6 microns, zodiacal light set at twice the minimum value","Roman Reference Information Sheet 20210108-01",2021-01-09T19:18:00
WFI_Sensitivity_160_Extended_Source_Emission_Line,7.2,10<sup>-17</sup> ergs cm<sup>-2</sup>sec<sup>-1</sup>,"WFI emission line detected at 6.5-sigma in one hour for a source with half light radius = 0.2 arcsec at 1.6 microns, zodiacal light set at twice the minimum value","Roman Reference Information Sheet 20210108-01",2021-01-09T19:18:00
WFI_Sensitivity_170_Point_Source_Emission_Line,4.2,10<sup>-17</sup> ergs cm<sup>-2</sup>sec<sup>-1</sup>,"WFI emission line detected at 6.5-sigma in one hour for a point source at 1.7 microns, zodiacal light set at twice the minimum value","Roman Reference Information Sheet 20210108-01",2021-01-09T19:18:00
WFI_Sensitivity_170_Extended_Source_Emission_Line,7.2,10<sup>-17</sup> ergs cm<sup>-2</sup>sec<sup>-1</sup>,"WFI emission line detected at 6.5-sigma in one hour for a source with half light radius = 0.2 arcsec at 1.7 microns, zodiacal light set at twice the minimum value","Roman Reference Information Sheet 20210108-01",2021-01-09T14:38:00
WFI_Sensitivity_180_Point_Source_Emission_Line,5.0,10<sup>-17</sup> ergs cm<sup>-2</sup>sec<sup>-1</sup>,"WFI emission line detected at 6.5-sigma in one hour for a point source at 1.8 microns, zodiacal light set at twice the minimum value","Roman Reference Information Sheet 20210108-01",2021-01-09T19:18:00
WFI_Sensitivity_180_Extended_Source_Emission_Line,8.4,10<sup>-17</sup> ergs cm<sup>-2</sup>sec<sup>-1</sup>,"WFI emission line detected at 6.5-sigma in one hour for a source with half light radius = 0.2 arcsec at 1.8 microns, zodiacal light set at twice the minimum value","Roman Reference Information Sheet 20210108-01",2021-01-09T19:18:00
WFI_Filter_F062_Center,0.620,10<sup>-6</sup> m,"WFI filter F062 central wavelength","Jeff Kruk",2021-01-09T18:22:00
WFI_Filter_F087_Center,0.869,10<sup>-6</sup> m,"WFI filter F087 central wavelength","Jeff Kruk",2021-01-09T18:22:00
WFI_Filter_F106_Center,1.060,10<sup>-6</sup> m,"WFI filter F106 central wavelength","Jeff Kruk",2021-01-09T18:22:00
WFI_Filter_F129_Center,1.293,10<sup>-6</sup> m,"WFI filter F129 central wavelength","Jeff Kruk",2021-01-09T18:22:00
WFI_Filter_F158_Center,1.577,10<sup>-6</sup> m,"WFI filter F158 central wavelength","Jeff Kruk",2021-01-09T18:22:00
WFI_Filter_F184_Center,1.842,10<sup>-6</sup> m,"WFI filter F184 central wavelength","Jeff Kruk",2021-01-09T18:22:00
WFI_Filter_F213_Center,2.125,10<sup>-6</sup> m,"WFI filter F213 central wavelength","Roman Reference Information Sheet 20210108-01",2021-01-09T18:27:00
WFI_Filter_F146_Center,1.464,10<sup>-6</sup> m,"WFI filter F146 central wavelength","Jeff Kruk",2021-01-09T18:23:00
WFI_Filter_F062_Resolving_Power,2.2,,"WFI filter F062 resolving power","Jeff Kruk",2021-01-09T18:30:00
WFI_Filter_F087_Resolving_Power,4,,"WFI filter F087 resolving power","Jeff Kruk",2021-01-09T18:30:00
WFI_Filter_F106_Resolving_Power,4,,"WFI filter F106 resolving power","Jeff Kruk",2021-01-09T18:30:00
WFI_Filter_F129_Resolving_Power,4,,"WFI filter F129 resolving power","Jeff Kruk",2021-01-09T18:30:00
WFI_Filter_F158_Resolving_Power,4,,"WFI filter F158 resolving power","Jeff Kruk",2021-01-09T18:30:00
WFI_Filter_F184_Resolving_Power,5.81,,"WFI filter F184 resolving power","Jeff Kruk",2021-01-09T18:30:00
WFI_Filter_F213_Resolving_Power,6.07,,"WFI filter F213 resolving power","Roman Reference Information Sheet 20210108-01",2021-01-09T18:30:00
WFI_Filter_F146_Resolving_Power,1.42,,"WFI filter F146 resolving power","Jeff Kruk",2021-01-09T18:32:00
WFI_Filter_F062_Wavelength_Range,0.480-0.760,10<sup>-6</sup> m,"WFI filter F062 wavelength range","",2021-01-09T18:37:00 
WFI_Filter_F087_Wavelength_Range,0.760-0.977,10<sup>-6</sup> m,"WFI filter F087 wavelength range","WFIRST-AFTA SDT Report, March 10, 2015",2021-01-09T18:37:00
WFI_Filter_F106_Wavelength_Range,0.927-1.192,10<sup>-6</sup> m,"WFI filter F106 wavelength range","WFIRST-AFTA SDT Report, March 10, 2015",2021-01-09T18:37:00
WFI_Filter_F129_Wavelength_Range,1.131-1.454,10<sup>-6</sup> m,"WFI filter F129 wavelength range","WFIRST-AFTA SDT Report, March 10, 2015",2021-01-09T18:37:00
WFI_Filter_F158_Wavelength_Range,1.380-1.774,10<sup>-6</sup> m,"WFI filter F158 wavelength range","WFIRST-AFTA SDT Report, March 10, 2015",2021-01-09T18:37:00
WFI_Filter_F184_Wavelength_Range,1.683-2.000,10<sup>-6</sup> m,"WFI filter F184 wavelength range","WFIRST-AFTA SDT Report, March 10, 2015",2021-01-09T18:37:00
WFI_Filter_F213_Wavelength_Range,1.950-2.300,10<sup>-6</sup> m,"WFI filter F213 wavelength range","Roman Reference Information Sheet 20210108-01",2021-01-09T18:37:00
WFI_Filter_F146_Wavelength_Range,0.927-2.000,10<sup>-6</sup> m,"WFI filter F146 wavelength range","WFIRST-AFTA SDT Report, March 10, 2015",2021-01-09T18:37:00
WFI_Filter_Wavelength_Blank,,,"WFI blank for dark current, flat field and other calibrations with internal light source","Quijada M. A. et al. 'Spectral and Wavefront Error Performance of WFIRST-AFTA Bandpass Filter Coating Prototypes', GSFC-E-DAA-TN29677  -  2016 IEEE Aerospace Conference; 5-12 Mar. 2016; Big Sky, MT; United States",2019-04-19T16:54:00
CGI_Mode_Imaging_N,,,"Narrow FoV imaging. Currently implemented as HLC coronagraph + Band 1 filter + imaging camera","CGI System Engineering Team",2018-05-24T11:25:00
CGI_Mode_Imaging_W,,,"Wide FoV imaging. Currently implemented as SPC_A coronagraph + Band 4 filter + imaging camera","CGI System Engineering Team",2018-05-24T11:26:00
CGI_Mode_Spectroscopy,,,"Single Slit, Prism-based Spectroscopy. Currently implemented as SPC_B coronagraph + Band 3 filter + Spectroscopy","CGI System Engineering Team",2020-06-19T11:47:00
CGI_Coronagraph_HLC,,,"HLC = Hybrid Lyot Coronagraph","CGI System Engineering Team",2020-06-19T12:09:00
CGI_Coronagraph_SPC_A,,,"SPC_A = Shaped Pupil Coronagraph for large outer working angle in an annular field of view","CGI System Engineering Team",2020-06-19T12:12:00
CGI_Coronagraph_SPC_B,,,"SPC_B = Shaped Pupil Coronagraph for small inner working angle in a `bowtie' shaped field of view","CGI System Engineering Team",2020-06-19T12:10:00
CGI_Coronagraph_Inner_Working_Angle_HLC,3,lambda/D,"Inner radius of region of highest contrast","CGI System Engineering Team",2020-06-19T12:13:00
CGI_Coronagraph_Inner_Working_Angle_SPC_A,5.9,lambda/D,"Inner radius of region of highest contrast","CGI System Engineering Team",2020-11-24T14:54:00
CGI_Coronagraph_Inner_Working_Angle_SPC_B,3,lambda/D,"Inner radius of region of highest contrast","CGI System Engineering Team",2020-06-19T12:15:00
CGI_Coronagraph_Outer_Working_Angle_HLC,9.7,lambda/D,"Outer radius of region of highest contrast","CGI System Engineering Team",2020-11-24T14:54:00
CGI_Coronagraph_Outer_Working_Angle_SPC_A,20.1,lambda/D,"Outer radius of region of highest contrast","CGI System Engineering Team",2020-11-24T14:55:00
CGI_Coronagraph_Outer_Working_Angle_SPC_B,9.1,lambda/D,"Outer radius of region of highest contrast","CGI System Engineering Team",2020-11-24T14:56:00
CGI_Coronagraph_Annular_Size_HLC,360,degrees,"Suppression region annular extent","CGI System Engineering Team",2020-06-19T12:25:00
CGI_Coronagraph_Annular_Size_SPC_A,360,degrees,"Suppression region annular extent","CGI System Engineering Team",2020-06-19T12:28:00
CGI_Coronagraph_Annular_Size_SPC_B,130,degrees,"Suppression region annular extent","CGI System Engineering Team",2020-06-19T12:26:00
CGI_Bandpass_Center1,573.8,nm,"Central wavelength for bandpass 1","CGI System Engineering Team",2022-01-06T11:07:00
CGI_Bandpass_FWHM1,56.5,nm,"Nominal FWHM (from 50% peak transmission cut-on to 50% peak transmission cut-off wavelength) for bandpass 1","CGI System Engineering Team",2022-01-06T11:09:00
CGI_Bandpass_Center2,659.4,nm,"Central wavelength for bandpass 2","CGI System Engineering Team",2022-01-06T11:10:00
CGI_Bandpass_FWHM2,110.9,nm,"Nominal FWHM (from 50% peak transmission cut-on to 50% peak transmission cut-off wavelength) for bandpass 2","CGI System Engineering Team",2022-01-06T11:11:00
CGI_Bandpass_Center3,729.3,nm,"Central wavelength for bandpass 3","CGI System Engineering Team",2022-01-06T11:12:00
CGI_Bandpass_FWHM3,122.3,nm,"Nominal FWHM (from 50% peak transmission cut-on to 50% peak transmission cut-off wavelength) for bandpass 3","CGI System Engineering Team",2022-01-06T11:12:00
CGI_Bandpass_Center4,825.5,nm,"Central wavelength for bandpass 4","CGI System Engineering Team",2022-01-06T11:13:00
CGI_Bandpass_FWHM4,96.8,nm,"Nominal FWHM (from 50% peak transmission cut-on to 50% peak transmission cut-off wavelength) for bandpass 4","CGI System Engineering Team",2022-01-06T11:14:00
CGI_Bandpass_ND_2pt25_FPAM,10<sup>2.25</sup>,,"Attenuation factor of Neutral Density filter used for target acquisition (ND 2.25) mounted in FPAM","CGI System Engineering Team",2020-11-24T15:43:00
CGI_Bandpass_ND_4pt75_FPAM,10<sup>4.75</sup>,,"Attenuation factor of Neutral Density filter used for target acquisition (ND 4.75) mounted in FPAM","CGI System Engineering Team",2020-11-24T15:43:00
CGI_Bandpass_ND_4pt75_FSAM,10<sup>4.75</sup>,,"Attenuation factor of Neutral Density filter used for target acquisition (ND 4.75) mounted in FSAM","CGI System Engineering Team",2020-11-24T15:43:00
CGI_Bandpass_Engineering_Center1a,554.8,nm,"Central wavelength for engineering filter 1a (WFSC), Wavefront Sensing and Control (WFSC)","CGI System Engineering Team",2022-01-06T11:16:00
CGI_Bandpass_Engineering_FWHM1a,18,nm,"Nominal FWHM [nm] (from 50% peak transmission cut-on to 50% peak transmission cut-off wavelength) for bandpass 1a","CGI System Engineering Team",2022-01-06T11:17:00
CGI_Bandpass_Engineering_Center1b,574.5,nm,"Central wavelength for engineering filter 1b (WFSC)","CGI System Engineering Team",2022-01-06T11:18:00
CGI_Bandpass_Engineering_FWHM1b,18,nm,"Nominal FWHM [nm] (from 50% peak transmission cut-on to 50% peak transmission cut-off wavelength) for bandpass 1b","CGI System Engineering Team",2022-01-06T11:20:00
CGI_Bandpass_Engineering_Center1c,594.7,nm,"Central wavelength for engineering filter 1c (WFSC)","CGI System Engineering Team",2022-01-06T11:21:00
CGI_Bandpass_Engineering_FWHM1c,19,nm,"Nominal FWHM [nm] (from 50% peak transmission cut-on to 50% peak transmission cut-off wavelength) for bandpass 1c","CGI System Engineering Team",2022-01-06T11:22:00
CGI_Bandpass_Engineering_Center2a,614.2,nm,"Central wavelength for engineering filter 2a","CGI System Engineering Team",2022-01-06T11:23:00
CGI_Bandpass_Engineering_FWHM2a,21.6,nm,"Nominal FWHM [nm] (from 50% peak transmission cut-on to 50% peak transmission cut-off wavelength) for bandpass 2a","CGI System Engineering Team",2022-01-06T11:24:00
CGI_Bandpass_Engineering_Center2b,639.4,nm,"Central wavelength for engineering filter 2b","CGI System Engineering Team",2022-01-06T11:23:00
CGI_Bandpass_Engineering_FWHM2b,15.1,nm,"Nominal FWHM [nm] (from 50% peak transmission cut-on to 50% peak transmission cut-off wavelength) for bandpass 2b","CGI System Engineering Team",2022-01-06T11:25:00
CGI_Bandpass_Engineering_Center2c,656,nm,"Central wavelength for engineering filter 2c","CGI System Engineering Team",2022-01-06T11:25:00
CGI_Bandpass_Engineering_FWHM2c,6.2,nm,"Nominal FWHM [nm] (from 50% peak transmission cut-on to 50% peak transmission cut-off wavelength) for bandpass 2c","CGI System Engineering Team",2022-01-06T11:27:00
CGI_Bandpass_Engineering_Center3a,680.6,nm,"Central wavelength engineering filter 3a (Spectroscopy calibration)","CGI System Engineering Team",2022-01-06T11:28:00
CGI_Bandpass_Engineering_FWHM3a,24.9,nm,"Nominal FWHM [nm] (from 50% peak transmission cut-on to 50% peak transmission cut-off wavelength) for bandpass 3a","CGI System Engineering Team",2022-01-06T11:29:00
CGI_Bandpass_Engineering_Center3b,702.3,nm,"Central wavelength engineering filter 3b (Spectroscopy calibration)","CGI System Engineering Team",2022-01-06T11:30:00
CGI_Bandpass_Engineering_FWHM3b,23,nm,"Nominal FWHM [nm] (from 50% peak transmission cut-on to 50% peak transmission cut-off wavelength) for bandpass 3b","CGI System Engineering Team",2022-01-06T11:31:00
CGI_Bandpass_Engineering_Center3c,725.9,nm,"Central wavelength engineering filter 3c (Spectroscopy calibration)","CGI System Engineering Team",2022-01-06T11:32:00
CGI_Bandpass_Engineering_FWHM3c,20,nm,"Nominal FWHM [nm] (from 50% peak transmission cut-on to 50% peak transmission cut-off wavelength) for bandpass 3c","CGI System Engineering Team",2020-11-24T15:49:00
CGI_Bandpass_Engineering_Center3g,752.5,nm,"Central wavelength engineering filter 3g (Spectroscopy calibration)","CGI System Engineering Team",2022-01-06T11:51:00
CGI_Bandpass_Engineering_FWHM3g,24.1,nm,"Nominal FWHM [nm] (from 50% peak transmission cut-on to 50% peak transmission cut-off wavelength) for bandpass 3g","CGI System Engineering Team",2022-01-06T11:06:00
CGI_Bandpass_Engineering_Center3d,753.3,nm,"Central wavelength engineering filter 3d (Spectroscopy calibration)","CGI System Engineering Team",2022-01-06T11:54:00
CGI_Bandpass_Engineering_FWHM3d,7.2,nm,"Nominal FWHM [nm] (from 50% peak transmission cut-on to 50% peak transmission cut-off wavelength) for bandpass 3d","CGI System Engineering Team",2022-01-06T11:55:00
CGI_Bandpass_Engineering_Center3e,777.1,nm,"Central wavelength engineering filter 3e (Spectroscopy calibration)","CGI System Engineering Team",2022-01-06T11:55:00
CGI_Bandpass_Engineering_FWHM3e,27.1,nm,"Nominal FWHM [nm] (from 50% peak transmission cut-on to 50% peak transmission cut-off wavelength) for bandpass 3e","CGI System Engineering Team",2022-01-06T11:56:00
CGI_Bandpass_Engineering_Center4a,791.7,nm,"Central wavelength for engineering filter 4a (WFSC)","CGI System Engineering Team",2022-01-06T11:58:00
CGI_Bandpass_Engineering_FWHM4a,29.8,nm,"Nominal FWHM [nm] (from 50% peak transmission cut-on to 50% peak transmission cut-off wavelength) for bandpass 4a","CGI System Engineering Team",2022-01-06T11:59:00
CGI_Bandpass_Engineering_Center4b,823.9,nm,"Central wavelength for engineering filter 4b (WFSC)","CGI System Engineering Team",2022-01-06T12:00:00
CGI_Bandpass_Engineering_FWHM4b,28,nm,"Nominal FWHM [nm] (from 50% peak transmission cut-on to 50% peak transmission cut-off wavelength) for bandpass 4b","CGI System Engineering Team",2022-01-06T12:01:00
CGI_Bandpass_Engineering_Center4c,856.5,nm,"Central wavelength for engineering filter 4c (WFSC)","CGI System Engineering Team",2022-01-06T12:01:00
CGI_Bandpass_Engineering_FWHM4c,30.2,nm,"Nominal FWHM [nm] (from 50% peak transmission cut-on to 50% peak transmission cut-off wavelength) for bandpass 4c","CGI System Engineering Team",2022-01-06T12:02:00
CGI_Detector_Model,"T-e2v CCD 311",,"Detector make and model","CGI System Engineering Team",2021-09-23T17:43:00
CGI_Detector_Pixel_Number_X,1056,,"The EXCAM image array size in detector pixels in x-dimension for imaging and spectroscopy","CGI System Engineering Team",2021-09-23T17:43:00
CGI_Detector_Pixel_Number_Y,1037,,"The EXCAM image array size in detector pixels in y-dimension for imaging and spectroscopy","CGI System Engineering Team",2021-09-23T17:43:00
CGI_Detector_Pixel_Size,13,10<sup>-6</sup> m,"Pixel size of CGI detector pixels in each dimension, both imaging and spectroscopy","WFIRST CGI EMCCD Requirements (Revision A), 2020-03-18",2020-06-19T14:20:00
CGI_Detector_Pixel_Scale,0.0218,arcsec/pixel,"Coronagraph imaging pixel scale, Nyquist sampled (lambda/2D) at 500 nm","CGI System Engineering Team",2020-06-19T15:20:00
CGI_Detector_Readnoise,120,e<sup>-</sup>,"Current best estimate read noise when using the electron multiplying (EM) gain in photon counting mode","CGI System Engineering Team",2021-09-23T17:47:00
CGI_Detector_Saturation,80000,e<sup>-</sup>,"CGI detector image area full well, current best estimate","CGI System Engineering Team",2023-01-17T12:10:00
CGI_Detector_Dark_Current_BOL_CBE,0.05,e<sup>-</sup>/pixel/hr,"Mean CGI dark current for T = 168 K (beginning of life current best estimate)","CGI System Engineering Team",2023-01-05T14:34:00
CGI_Detector_Dark_Current_EOL_CBE,0.10,e<sup>-</sup>/pixel/hr,"Mean CGI dark current for T = 168 K (end of life current best estimate)","CGI System Engineering Team",2023-01-05T14:35:00
CGI_Detector_Clock_Induced_Charge_BOL,0.016,e<sup>-</sup>/pixel/frame,"CGI clock-induced charge (beginning of life), 10 MHz horizontal frequency; 1 MHz vertical frequency; serial clock swing < 10 V","CGI System Engineering Team",2023-01-05T14:37:00
CGI_Detector_Clock_Induced_Charge_EOL,0.030,e<sup>-</sup>/pixel/frame,"CGI clock-induced charge (end of life), 10 MHz horizontal frequency; 1 MHz vertical frequency; serial clock swing < 10 V","CGI System Engineering Team",2023-01-05T14:38:00
CGI_Detector_Quantum_Efficiency_442,62.8,%,"The EXCAM quantum efficiency at 442 nm","CGI System Engineering Team",2023-01-05T14:51:00
CGI_Detector_Quantum_Efficiency_450,69.5,%,"The EXCAM quantum efficiency at 450 nm","CGI System Engineering Team",2023-01-05T14:51:00
CGI_Detector_Quantum_Efficiency_488,77.9,%,"The EXCAM quantum efficiency at 488 nm","CGI System Engineering Team",2023-01-05T14:51:00
CGI_Detector_Quantum_Efficiency_580,83.7,%,"The EXCAM quantum efficiency at 580 nm","CGI System Engineering Team",2023-01-05T14:52:00
CGI_Detector_Quantum_Efficiency_685,73.7,%,"The EXCAM quantum efficiency at 685 nm","CGI System Engineering Team",2023-01-05T14:52:00
CGI_Detector_Quantum_Efficiency_730,64.0,%,"The EXCAM quantum efficiency at 730 nm","CGI System Engineering Team",2023-01-05T14:52:00
CGI_Detector_Quantum_Efficiency_830,41.2,%,"The EXCAM quantum efficiency at 830 nm","CGI System Engineering Team",2023-01-05T14:52:00
CGI_Detector_Quantum_Efficiency_885,26.4,%,"The EXCAM quantum efficiency at 885 nm","CGI System Engineering Team",2023-01-05T14:52:00
CGI_Detector_Quantum_Efficiency_950,11.6,%,"The EXCAM quantum efficiency at 930 nm","CGI System Engineering Team",2023-01-05T14:52:00
CGI_Detector_Quantum_Efficiency_980,6.8,%,"The EXCAM quantum efficiency at 980 nm","CGI System Engineering Team",2023-01-05T14:52:00
CGI_Imaging_FoV,7.2,arcsec,"Unvignetted coronagraph imaging field-of-view diameter without coronagraph masks","CGI System Engineering Team",2020-06-19T15:18:00
CGI_Spectroscopy_FoV,4,arcsec,"Unvignetted FoV diameter without masks in each spectral channel","CGI System Engineering Team",2020-11-24T15:52:00
CGI_Spectroscopy_Footprint_Of_Dispersed_Point_Source_Band2,42x4,pixels,"Spectroscopic footprint of dispersed point source in pixels; the smaller axis (cross-dispersion) includes only the main lobe of the PSF","CGI System Engineering Team",2020-06-19T15:27:00
CGI_Spectroscopy_Footprint_Of_Dispersed_Point_Source_Band3,47x4,pixels,"Spectroscopic footprint of dispersed point source in pixels; the smaller axis (cross-dispersion) includes only the main lobe of the PSF","CGI System Engineering Team",2020-06-19T15:28:00
CGI_Spectroscopy_Band2_Short_Slit_Width,0.115,arcsec,"Band 2 spectroscopy slit width for 2lambda/D wide, 6lambda/D long "short" slit","CGI System Engineering Team",2020-11-24T15:59:00
CGI_Spectroscopy_Band2_Short_Slit_Height,0.345,arcsec,"Band 2 spectroscopy slit height for 2lambda/D wide, 6lambda/D long "short" slit","CGI System Engineering Team",2020-11-24T15:59:00
CGI_Spectroscopy_Band2_Tall_Slit_Width,0.115,arcsec,"Band 2 spectroscopy slit width for 2lambda/D wide, 10lambda/D long "tall" slit","CGI System Engineering Team",2020-11-24T16:15:00
CGI_Spectroscopy_Band2_Tall_Slit_Height,0.575,arcsec,"Band 2 spectroscopy slit height for 2lambda/D wide, 10lambda/D long "tall" slit","CGI System Engineering Team",2020-11-24T16:15:00
CGI_Spectroscopy_Band3_Short_Slit_Width,0.127,arcsec,"Band 3 spectroscopy slit width for 2lambda/D wide, 6lambda/D long "short" slit","CGI System Engineering Team",2020-11-24T16:18:00
CGI_Spectroscopy_Band3_Short_Slit_Height,0.381,arcsec,"Band 3 spectroscopy slit height for 2lambda/D wide, 6lambda/D long "short" slit","CGI System Engineering Team",2020-11-24T16:18:00
CGI_Spectroscopy_Band3_Tall_Slit_Width,0.127,arcsec,"Band 3 spectroscopy slit width for 2lambda/D wide, 10lambda/D long "tall" slit","CGI System Engineering Team",2020-11-24T16:18:00
CGI_Spectroscopy_Band3_Tall_Slit_Height,0.635,arcsec,"Band 3 spectroscopy slit height for 2lambda/D wide, 10lambda/D long "tall" slit","CGI System Engineering Team",2020-11-24T16:18:00
CGI_Spectroscopy_Bands23_Mean_Short_Slit_Width,0.243,arcsec,"Bands 2-3 mean (695 nm) spectroscopy slit width for 4lambda/D wide, 6lambda/D long "short" slit","CGI System Engineering Team",2020-11-24T16:18:00
CGI_Spectroscopy_Bands23_Mean_Short_Slit_Height,0.3645,arcsec,"Bands 2-3 mean (695 nm) spectroscopy slit height for 4lambda/D wide, 6lambda/D long "short" slit","CGI System Engineering Team",2020-11-24T16:18:00
CGI_Spectroscopy_Bands23_Mean_Tall_Slit_Width,0.243,arcsec,"Bands 2-3 mean (695 nm) spectroscopy slit width for 4lambda/D wide, 10lambda/D long "tall" slit","CGI System Engineering Team",2020-11-24T16:18:00
CGI_Spectroscopy_Bands23_Mean_Tall_Slit_Height,0.6075,arcsec,"Bands 2-3 mean (695 nm) spectroscopy slit height for 4lambda/D wide, 10lambda/D long "tall" slit","CGI System Engineering Team",2020-11-24T16:18:00
CGI_Spectroscopy_Spectral_Resolution,50,lambda/(delta lambda),"Spectral resolution at the centers of Band 2 (660 nm) and Band 3 (730 nm)","CGI System Engineering Team",2020-06-19T15:37:00
CGI_Polarimetry_FoV,3.8,arcsec,"Unvignetted FoV diameter without masks in each polarization angle","CGI System Engineering Team",2020-06-19T15:40:00
CGI_Polarimetry_Wollaston_Prism1,0 and 90,degrees,"Polarization angles for the first Wollaston prism","CGI System Engineering Team",2020-06-19T15:42:00
CGI_Polarimetry_Wollaston_Prism2,45 and 135,degrees,"Polarization angles for the second Wollaston prism","CGI System Engineering Team",2020-06-19T15:43:00
CGI_Predicted_Performance_Imaging_N_Contrast_Pred,3.07x10<sup>-9</sup>,,"Predicted planet-to-star flux ratio for an SNR=5 imaging detection in band 1 with HLC, 100hr integration, after post-processing at a separation of 4.39lambda/D (=216.94 mas). This prediction is based on modeling and error budgeting of Nancy Grace Roman Space Telescope observatory and CGI, including: observatory and instrument stability during CGI con-ops, coronagraph starlight suppression performance, detector properties, and post-processing gains. Coronagraph and detector models have been validated against experimental results. Does not include model uncertainty factors on observatory or coronagraph performance (i.e., MUF=1)","CGI System Engineering Team",2023-01-05T14:55:00
CGI_Predicted_Performance_Imaging_W_Contrast_Pred,2.39x10<sup>-9</sup>,,"Predicted planet-to-star flux ratio for an SNR=5 imaging detection in band 4 with SPC, 100hr integration, after post-processing at a separation of 6lambda/D (=432.63 mas). This prediction is based on modeling and error budgeting of Nancy Grace Roman Space Telescope observatory and CGI, including: observatory and instrument stability during CGI con-ops, coronagraph starlight suppression performance, detector properties, and post-processing gains. Coronagraph and detector models have been validated against experimental results. Does not include model uncertainty factors on observatory or coronagraph performance (i.e., MUF=1)","CGI System Engineering Team",2023-01-10T15:13:00
CGI_Predicted_Performance_Spectroscopy_Contrast_Pred,5.00x10<sup>-9</sup>,,"Predicted planet-to-star flux ratio for an SNR=5 spectrum in band 3 with SPC_B (bowtie), 100hr integration, after post-processing at a separation of 4.39lambda/D (=280.09 mas). This prediction is based on modeling and error budgeting of Nancy Grace Roman Space Telescope observatory and CGI, including: observatory and instrument stability during CGI con-ops, coronagraph starlight suppression performance, detector properties, and post-processing gains. Coronagraph and detector models have been validated against experimental results. Does not include model uncertainty factors on observatory or coronagraph performance (i.e., MUF=1)","CGI System Engineering Team",2023-01-05T14:58:00
CGI_Predicted_Performance_45offaxis_scattered_light,3.4x10<sup>-9</sup>,,"Scattered light flux ratio per resolution element from a source 45 arcsec off axis. Applicable to all coronagraph modes","CGI System Engineering Team",2022-08-08T14:45:00
CGI_Predicted_Performance_100offaxis_scattered_light,3.5x10<sup>-10</sup>,,"Scattered light flux ratio per resolution element from a source 100 arcsec off axis. Applicable to all coronagraph modes","CGI System Engineering Team",2022-08-10T16:30:00
CGI_Host_Star_Vmag_Requirement,"=< 5","AB mag","CGI host star requirement is V_AB mag<=5; CGI could potentially observe dimmer targets (V = 6-7 AB mag), but this is TBD","CGI System Engineering Team",2020-11-30T12:14:00
