data_set_name,target_name,ra,dec,start_time,stop_time,actual_duration,instrument,aper,spec,central_wavelength,release_date,preview_name,filename,data_uri,cutout,peak_value,fits_filepath,cutout_filepath,recno,SDSS,Plate,MJD,Fiber,zFG,zBG,Imag,n_Imag,AI,Name,L(V555),Re,Le2/LdV,b/a,PA,sigma,e_sigma,Mph,Mul,Lens,n_Lens,_RA,_DE
J9OP01010,SDSSJ0008-0004,2.012310559609,-0.06897320162024,2006-09-06T08:13:05.107000,2006-09-06T08:44:24.140000,1566.0,ACS   ,WFC1,CLEAR1L;F814W,8045.1514,2006-09-06T17:46:38,J9OP01010,j9op01010_drz.fits,mast:HST/product/j9op01010_drz.fits,,,/data/bwedig/roman-pandeia/data/mastDownload/SLACS/j9op01010_drz.fits,/data/bwedig/roman-pandeia/data/cutouts/SLACS/cutout_WFC1_CLEAR1L;F814W_J9OP01010.fits,1,000802.96-000408.2,669,52559,156,0.44,1.1924,18.65,d,0.12,J0008-0004,86.7,1.71,0.313,0.83,27.3,,,E,S,A, ,2.01233,-0.06894
J9EM03KSQ,SDSSJ0028-0929,7.074458333333,-9.492861111111,2005-10-20T04:26:15.577000,2005-10-20T04:33:16.767000,420.0,ACS   ,WFC1,CLEAR1L;F435W,4329.2466,2006-10-20T14:49:28.837000,J9EM03KSQ,j9em03ksq_drz.fits,mast:HST/product/j9em03ksq_drz.fits,,,/data/bwedig/roman-pandeia/data/mastDownload/SLACS/j9em03ksq_drz.fits,/data/bwedig/roman-pandeia/data/cutouts/SLACS/cutout_WFC1_CLEAR1L;F435W_J9EM03KSQ.fits,2,002817.87-092934.3,653,52145,590,0.0565,0.7146,13.75,s,0.07,J0028-0929,92.8,15.21,0.346,0.48,78.9,147,7,L,S,X, ,7.07446,-9.49286
J9EM03KTQ,SDSSJ0028-0929,7.074458333333,-9.492861111111,2005-10-20T04:35:53.557000,2005-10-20T04:42:54.747000,420.0,ACS   ,WFC1,CLEAR1L;F814W,8047.8091,2006-10-20T14:59:27.010000,J9EM03KTQ,j9em03ktq_drz.fits,mast:HST/product/j9em03ktq_drz.fits,,,/data/bwedig/roman-pandeia/data/mastDownload/SLACS/j9em03ktq_drz.fits,/data/bwedig/roman-pandeia/data/cutouts/SLACS/cutout_WFC1_CLEAR1L;F814W_J9EM03KTQ.fits,2,002817.87-092934.3,653,52145,590,0.0565,0.7146,13.75,s,0.07,J0028-0929,92.8,15.21,0.346,0.48,78.9,147,7,L,S,X, ,7.07446,-9.49286
J9OP02010,SDSSJ0029-0055,7.282348881592,-0.9307202053775,2006-09-12T16:05:25.150000,2006-09-12T16:48:02.167000,2088.0,ACS   ,WFC1,CLEAR1L;F814W,8045.1558,2006-09-12T22:37:40,J9OP02010,j9op02010_drz.fits,mast:HST/product/j9op02010_drz.fits,,,/data/bwedig/roman-pandeia/data/mastDownload/SLACS/j9op02010_drz.fits,/data/bwedig/roman-pandeia/data/cutouts/SLACS/cutout_WFC1_CLEAR1L;F814W_J9OP02010.fits,3,002907.77-005550.5,391,51782,88,0.227,0.9313,17.09,d,0.04,J0029-0055,76.3,2.16,0.31,0.84,26.6,229,18,E,S,A, ,7.28237,-0.93069
J9EM47AYQ,SDSSJ0044+0113,11.01208333333,1.220138888889,2006-06-12T05:24:33.973000,2006-06-12T05:31:35.023000,420.0,ACS   ,WFC1,CLEAR1L;F814W,8047.9731,2007-06-12T14:44:46.453000,J9EM47AYQ,j9em47ayq_drz.fits,mast:HST/product/j9em47ayq_drz.fits,,,/data/bwedig/roman-pandeia/data/mastDownload/SLACS/j9em47ayq_drz.fits,/data/bwedig/roman-pandeia/data/cutouts/SLACS/cutout_WFC1_CLEAR1L;F814W_J9EM47AYQ.fits,5,004402.90+011312.6,393,51794,456,0.1196,0.1965,15.73,s,0.04,J0044+0113,68.8,2.61,0.321,0.76,151.3,266,13,E,S,A, ,11.01208,1.22017
J9EM0PEWQ,SDSSJ0109+1500,17.39058333333,15.00902777778,2006-06-16T07:01:13.027000,2006-06-16T07:08:14.073000,420.0,ACS   ,WFC1,CLEAR1L;F814W,8047.9761,2007-06-16T17:02:30.790000,J9EM0PEWQ,j9em0pewq_drz.fits,mast:HST/product/j9em0pewq_drz.fits,,,/data/bwedig/roman-pandeia/data/mastDownload/SLACS/j9em0pewq_drz.fits,/data/bwedig/roman-pandeia/data/cutouts/SLACS/cutout_WFC1_CLEAR1L;F814W_J9EM0PEWQ.fits,6,010933.73+150032.5,422,51811,508,0.2939,0.5248,17.75,s,0.11,J0109+1500,77.2,1.38,0.32,0.78,104.0,251,19,E,S,A, ,17.39054,15.00903
J9OP03010,SDSSJ0157-0056,29.49555661681,-0.9406084736719,2006-08-24T13:19:45.107000,2006-08-24T14:02:22.123000,2088.0,ACS   ,WFC1,CLEAR1L;F814W,8045.142475000001,2006-08-25T06:23:56,J9OP03010,j9op03010_drz.fits,mast:HST/product/j9op03010_drz.fits,,,/data/bwedig/roman-pandeia/data/mastDownload/SLACS/j9op03010_drz.fits,/data/bwedig/roman-pandeia/data/cutouts/SLACS/cutout_WFC1_CLEAR1L;F814W_J9OP03010.fits,7,015758.94-005626.1,700,52199,20,0.5132,0.9243,18.64,d,0.05,J0157-0056,117.3,1.06,0.31,0.69,69.2,,,E,S,A, ,29.49558,-0.94058
J9OP04010,SDSSJ0252+0039,43.18833963809,0.666212458955,2006-10-02T19:02:20.160000,2006-10-02T19:44:57.207000,2088.0,ACS   ,WFC1,CLEAR1L;F814W,8045.1699,2006-10-03T12:25:49,J9OP04010,j9op04010_drz.fits,mast:HST/product/j9op04010_drz.fits,,,/data/bwedig/roman-pandeia/data/mastDownload/SLACS/j9op04010_drz.fits,/data/bwedig/roman-pandeia/data/cutouts/SLACS/cutout_WFC1_CLEAR1L;F814W_J9OP04010.fits,9,025245.21+003958.4,807,52295,614,0.2803,0.9818,18.04,d,0.15,J0252+0039,55.8,1.39,0.317,0.94,97.2,164,12,E,S,A, ,43.18837,0.66622
J9OP05010,SDSSJ0330-0020,52.55055272469,-0.3477702178823,2006-09-16T14:33:51.137000,2006-09-16T15:16:28.183000,2088.0,ACS   ,WFC1,CLEAR1L;F814W,8045.1587,2006-09-17T08:12:11,J9OP05010,j9op05010_drz.fits,mast:HST/product/j9op05010_drz.fits,,,/data/bwedig/roman-pandeia/data/mastDownload/SLACS/j9op05010_drz.fits,/data/bwedig/roman-pandeia/data/cutouts/SLACS/cutout_WFC1_CLEAR1L;F814W_J9OP05010.fits,10,033012.14-002051.9,810,52672,252,0.3507,1.0709,18.16,d,0.16,J0330-0020,82.3,1.2,0.306,0.77,109.6,212,21,E,S,A, ,52.55058,-0.34775
J9EM61PFQ,SDSSJ0354-0648,58.743625,-6.811888888889,2005-08-11T01:17:36.383000,2005-08-11T01:24:37.430000,420.0,ACS   ,WFC1,CLEAR1L;F435W,4329.2368,2006-08-11T06:38:09.893000,J9EM61PFQ,j9em61pfq_drz.fits,mast:HST/product/j9em61pfq_drz.fits,,,/data/bwedig/roman-pandeia/data/mastDownload/SLACS/j9em61pfq_drz.fits,/data/bwedig/roman-pandeia/data/cutouts/SLACS/cutout_WFC1_CLEAR1L;F435W_J9EM61PFQ.fits,11,035458.47-064842.8,464,51908,310,0.1301,0.3808,15.9,s,0.14,J0354-0648,76.9,3.76,0.316,0.88,9.1,160,8,E,S,X, ,58.74362,-6.81189
J9EM61PGQ,SDSSJ0354-0648,58.743625,-6.811888888889,2005-08-11T01:27:14.397000,2005-08-11T01:34:15.447000,420.0,ACS   ,WFC1,CLEAR1L;F814W,8047.7598,2006-08-11T06:41:46.283000,J9EM61PGQ,j9em61pgq_drz.fits,mast:HST/product/j9em61pgq_drz.fits,,,/data/bwedig/roman-pandeia/data/mastDownload/SLACS/j9em61pgq_drz.fits,/data/bwedig/roman-pandeia/data/cutouts/SLACS/cutout_WFC1_CLEAR1L;F814W_J9EM61PGQ.fits,11,035458.47-064842.8,464,51908,310,0.1301,0.3808,15.9,s,0.14,J0354-0648,76.9,3.76,0.316,0.88,9.1,160,8,E,S,X, ,58.74362,-6.81189
J9EM13QBQ,SDSSJ0405-0455,61.39758333333,-4.931222222222,2006-11-10T05:31:22.233000,2006-11-10T05:38:23.280000,420.0,ACS   ,WFC1,CLEAR1L;F814W,8045.1973,2007-11-10T17:02:57.623000,J9EM13QBQ,j9em13qbq_drz.fits,mast:HST/product/j9em13qbq_drz.fits,,,/data/bwedig/roman-pandeia/data/mastDownload/SLACS/j9em13qbq_drz.fits,/data/bwedig/roman-pandeia/data/cutouts/SLACS/cutout_WFC1_CLEAR1L;F814W_J9EM13QBQ.fits,12,040535.41-045552.4,465,51910,406,0.0753,0.8098,16.45,s,0.21,J0405-0455,15.8,1.36,0.32,0.69,20.3,160,8,E,S,A, ,61.39754,-4.93122
J9OP06010,SDSSJ0728+3835,112.0205809487,38.5904595697,2006-10-09T03:12:29.183000,2006-10-09T03:55:34.200000,2116.0,ACS   ,WFC1,CLEAR1L;F814W,8045.1743,2006-10-09T11:20:51,J9OP06010,j9op06010_drz.fits,mast:HST/product/j9op06010_drz.fits,,,/data/bwedig/roman-pandeia/data/mastDownload/SLACS/j9op06010_drz.fits,/data/bwedig/roman-pandeia/data/cutouts/SLACS/cutout_WFC1_CLEAR1L;F814W_J9OP06010.fits,13,072804.95+383525.7,1733,53047,154,0.2058,0.6877,16.74,d,0.12,J0728+3835,91.2,1.78,0.316,0.74,67.0,214,11,E,S,A, ,112.02062,38.59047
J9EM18EDQ,SDSSJ0742+3450,115.716,34.83383333333,2006-09-19T05:30:49.153000,2006-09-19T05:37:50.167000,420.0,ACS   ,WFC1,CLEAR1L;F814W,8045.1606,2007-09-19T14:59:04.233000,J9EM18EDQ,j9em18edq_drz.fits,mast:HST/product/j9em18edq_drz.fits,,,/data/bwedig/roman-pandeia/data/mastDownload/SLACS/j9em18edq_drz.fits,/data/bwedig/roman-pandeia/data/cutouts/SLACS/cutout_WFC1_CLEAR1L;F814W_J9EM18EDQ.fits,15,074251.84+345001.9,542,51993,386,0.0853,0.739,17.02,s,0.11,J0742+3450,11.0,1.77,0.314,0.97,124.5,165,10,E,S,X, ,115.716,34.83386
J9EM43WAQ,SDSSJ0758+3034,119.6445,30.57869444444,2006-01-15T08:12:38.773000,2006-01-15T08:19:39.820000,420.0,ACS   ,WFC1,CLEAR1L;F435W,4329.2588,2007-01-15T17:43:59.047000,J9EM43WAQ,j9em43waq_drz.fits,mast:HST/product/j9em43waq_drz.fits,,,/data/bwedig/roman-pandeia/data/mastDownload/SLACS/j9em43waq_drz.fits,/data/bwedig/roman-pandeia/data/cutouts/SLACS/cutout_WFC1_CLEAR1L;F435W_J9EM43WAQ.fits,16,075834.68+303443.3,1061,52641,256,0.1156,0.5013,16.05,s,0.1,J0758+3034,50.3,1.37,0.32,0.81,108.0,191,10,E,S,B, ,119.6445,30.57869
J9EM43WBQ,SDSSJ0758+3034,119.6445,30.57869444444,2006-01-15T08:22:16.757000,2006-01-15T08:29:17.803000,420.0,ACS   ,WFC1,CLEAR1L;F814W,8047.8696,2007-01-15T17:53:38.873000,J9EM43WBQ,j9em43wbq_drz.fits,mast:HST/product/j9em43wbq_drz.fits,,,/data/bwedig/roman-pandeia/data/mastDownload/SLACS/j9em43wbq_drz.fits,/data/bwedig/roman-pandeia/data/cutouts/SLACS/cutout_WFC1_CLEAR1L;F814W_J9EM43WBQ.fits,16,075834.68+303443.3,1061,52641,256,0.1156,0.5013,16.05,s,0.1,J0758+3034,50.3,1.37,0.32,0.81,108.0,191,10,E,S,B, ,119.6445,30.57869
J9OP07010,SDSSJ0808+4706,122.2448628206,47.11080393226,2006-09-17T02:11:36.127000,2006-09-17T02:55:05.177000,2140.0,ACS   ,WFC1,CLEAR1L;F814W,8045.1587,2006-09-17T23:03:21,J9OP07010,j9op07010_drz.fits,mast:HST/product/j9op07010_drz.fits,,,/data/bwedig/roman-pandeia/data/mastDownload/SLACS/j9op07010_drz.fits,/data/bwedig/roman-pandeia/data/cutouts/SLACS/cutout_WFC1_CLEAR1L;F814W_J9OP07010.fits,19,080858.78+470638.9,438,51884,555,0.2195,1.0251,, ,0.09,J0808+4706,,,,,,,,E,M,A,*,122.24492,47.11081
J9OP08010,SDSSJ0822+2652,125.6762957008,26.87873520538,2006-12-06T16:27:57.280000,2006-12-06T17:10:54.297000,2108.0,ACS   ,WFC1,CLEAR1L;F814W,8045.2158,2006-12-07T20:23:07,J9OP08010,j9op08010_drz.fits,mast:HST/product/j9op08010_drz.fits,,,/data/bwedig/roman-pandeia/data/mastDownload/SLACS/j9op08010_drz.fits,/data/bwedig/roman-pandeia/data/cutouts/SLACS/cutout_WFC1_CLEAR1L;F814W_J9OP08010.fits,21,082242.32+265243.5,1267,52932,253,0.2414,0.5941,16.99,d,0.05,J0822+2652,95.4,1.82,0.312,0.74,87.0,259,15,E,S,A, ,125.67633,26.87875
J9OP09010,SDSSJ0841+3824,130.369995241,38.40380086567,2006-10-04T19:23:03.167000,2006-10-04T20:06:08.217000,2116.0,ACS   ,WFC1,CLEAR1L;F814W,8045.1714,2006-10-05T12:18:40,J9OP09010,j9op09010_drz.fits,mast:HST/product/j9op09010_drz.fits,,,/data/bwedig/roman-pandeia/data/mastDownload/SLACS/j9op09010_drz.fits,/data/bwedig/roman-pandeia/data/cutouts/SLACS/cutout_WFC1_CLEAR1L;F814W_J9OP09010.fits,22,084128.81+382413.7,828,52317,12,0.1159,0.6567,15.34,d,0.06,J0841+3824,94.6,4.21,0.318,0.58,92.9,225,11,L,S,A, ,130.37004,38.40381
J9EM46T9Q,SDSSJ0847+0318,131.7787083333,3.30625,2006-01-14T08:18:04.757000,2006-01-14T08:25:05.803000,420.0,ACS   ,WFC1,CLEAR1L;F435W,4329.2588,2007-01-14T10:52:46.700000,J9EM46T9Q,j9em46t9q_drz.fits,mast:HST/product/j9em46t9q_drz.fits,,,/data/bwedig/roman-pandeia/data/mastDownload/SLACS/j9em46t9q_drz.fits,/data/bwedig/roman-pandeia/data/cutouts/SLACS/cutout_WFC1_CLEAR1L;F435W_J9EM46T9Q.fits,23,084706.89+031822.6,564,52224,542,0.1192,0.4146,16.8,s,0.05,J0847+0318,25.7,1.91,0.32,0.69,120.1,199,12,E,S,X, ,131.77871,3.30628
J9EM46TAQ,SDSSJ0847+0318,131.7787083333,3.30625,2006-01-14T08:27:42.773000,2006-01-14T08:34:43.820000,420.0,ACS   ,WFC1,CLEAR1L;F814W,8047.8691,2007-01-14T15:18:16.570000,J9EM46TAQ,j9em46taq_drz.fits,mast:HST/product/j9em46taq_drz.fits,,,/data/bwedig/roman-pandeia/data/mastDownload/SLACS/j9em46taq_drz.fits,/data/bwedig/roman-pandeia/data/cutouts/SLACS/cutout_WFC1_CLEAR1L;F814W_J9EM46TAQ.fits,23,084706.89+031822.6,564,52224,542,0.1192,0.4146,16.8,s,0.05,J0847+0318,25.7,1.91,0.32,0.69,120.1,199,12,E,S,X, ,131.77871,3.30628
J9OP11010,SDSSJ0903+3139,135.8312946046,31.66420612797,2006-12-13T08:25:56.257000,2006-12-13T10:13:51.320000,2108.0,ACS   ,WFC1,CLEAR1L;F814W,8045.2202,2006-12-13T21:54:14,J9OP11010,j9op11010_drz.fits,mast:HST/product/j9op11010_drz.fits,,,/data/bwedig/roman-pandeia/data/mastDownload/SLACS/j9op11010_drz.fits,/data/bwedig/roman-pandeia/data/cutouts/SLACS/cutout_WFC1_CLEAR1L;F814W_J9OP11010.fits,25,090319.52+313951.2,1590,52974,622,0.2711,0.5494,16.77,d,0.04,J0903+3139,150.0,3.03,0.319,0.67,147.8,258,15,E,S,B, ,135.83133,31.66422
J9OP10010,SDSSJ0903+4116,135.8132432128,41.26919005314,2006-10-09T01:41:26.177000,2006-10-09T02:24:43.223000,2128.0,ACS   ,WFC1,CLEAR1L;F814W,8045.1743,2006-10-09T10:42:44,J9OP10010,j9op10010_drz.fits,mast:HST/product/j9op10010_drz.fits,,,/data/bwedig/roman-pandeia/data/mastDownload/SLACS/j9op10010_drz.fits,/data/bwedig/roman-pandeia/data/cutouts/SLACS/cutout_WFC1_CLEAR1L;F814W_J9OP10010.fits,24,090315.19+411609.1,1200,52668,398,0.4304,1.0645,17.95,d,0.03,J0903+4116,144.7,1.78,0.308,0.89,1.6,,,E,S,A, ,135.81329,41.26919
J9OP12010,SDSSJ0910+0520,137.7212550724,5.339773526671,2006-12-13T05:13:03.267000,2006-12-13T06:55:05.307000,2088.0,ACS   ,WFC1,CLEAR1L;F814W,8045.2202,2006-12-13T19:29:44,J9OP12010,j9op12010_drz.fits,mast:HST/product/j9op12010_drz.fits,,,/data/bwedig/roman-pandeia/data/mastDownload/SLACS/j9op12010_drz.fits,/data/bwedig/roman-pandeia/data/cutouts/SLACS/cutout_WFC1_CLEAR1L;F814W_J9OP12010.fits,26,091053.11+052023.2,1193,52652,232,0.2706,1.0741,, ,0.08,J0910+0520,,,,,,,,E,M,B, ,137.72129,5.33978
J9EM05HAQ,SDSSJ0912+4136,138.1845833333,41.61027777778,2006-05-26T22:41:33.973000,2006-05-26T22:48:35.023000,420.0,ACS   ,WFC1,CLEAR1L;F814W,8047.9619,2007-05-27T02:03:58.033000,J9EM05HAQ,j9em05haq_drz.fits,mast:HST/product/j9em05haq_drz.fits,,,/data/bwedig/roman-pandeia/data/mastDownload/SLACS/j9em05haq_drz.fits,/data/bwedig/roman-pandeia/data/cutouts/SLACS/cutout_WFC1_CLEAR1L;F814W_J9EM05HAQ.fits,28,091244.31+413637.0,1200,52668,588,0.0646,0.1377,15.85,s,0.04,J0912+4136,17.3,1.24,0.337,0.65,22.7,218,11,E,S,X, ,138.18462,41.61028
J9EM66BDQ,SDSSJ0925+0814,141.4972916667,8.236611111111,2005-11-21T07:38:31.537000,2005-11-21T07:45:32.583000,420.0,ACS   ,WFC1,CLEAR1L;F435W,4329.251,2006-11-21T12:19:26.710000,J9EM66BDQ,j9em66bdq_drz.fits,mast:HST/product/j9em66bdq_drz.fits,,,/data/bwedig/roman-pandeia/data/mastDownload/SLACS/j9em66bdq_drz.fits,/data/bwedig/roman-pandeia/data/cutouts/SLACS/cutout_WFC1_CLEAR1L;F435W_J9EM66BDQ.fits,29,092559.35+081411.8,1302,52763,12,0.1345,0.2251,17.66,s,0.09,J0925+0814,15.6,1.44,0.322,0.83,67.2,,,E,S,X, ,141.49729,8.23661
J9EM66BEQ,SDSSJ0925+0814,141.4972916667,8.236611111111,2005-11-21T07:48:09.553000,2005-11-21T07:55:10.567000,420.0,ACS   ,WFC1,CLEAR1L;F814W,8047.8315,2006-11-21T12:29:42.807000,J9EM66BEQ,j9em66beq_drz.fits,mast:HST/product/j9em66beq_drz.fits,,,/data/bwedig/roman-pandeia/data/mastDownload/SLACS/j9em66beq_drz.fits,/data/bwedig/roman-pandeia/data/cutouts/SLACS/cutout_WFC1_CLEAR1L;F814W_J9EM66BEQ.fits,29,092559.35+081411.8,1302,52763,12,0.1345,0.2251,17.66,s,0.09,J0925+0814,15.6,1.44,0.322,0.83,67.2,,,E,S,X, ,141.49729,8.23661
J9EM28IYQ,SDSSJ0934+6034,143.60475,60.57308333333,2006-05-27T06:41:16.983000,2006-05-27T06:48:18.030000,420.0,ACS   ,WFC1,CLEAR1L;F814W,8047.9619,2007-05-27T12:16:23.643000,J9EM28IYQ,j9em28iyq_drz.fits,mast:HST/product/j9em28iyq_drz.fits,,,/data/bwedig/roman-pandeia/data/mastDownload/SLACS/j9em28iyq_drz.fits,/data/bwedig/roman-pandeia/data/cutouts/SLACS/cutout_WFC1_CLEAR1L;F814W_J9EM28IYQ.fits,30,093425.13+603423.5,486,51910,241,0.1011,0.244,16.37,s,0.06,J0934+6034,27.5,1.65,0.313,0.56,48.4,208,10,E,S,X, ,143.60471,60.57319
J9OP13010,SDSSJ0936+0913,144.0031716968,9.226604955342,2006-12-09T10:13:29.280000,2006-12-09T12:00:54.297000,2088.0,ACS   ,WFC1,CLEAR1L;F814W,8045.2178,2006-12-10T04:20:00,J9OP13010,j9op13010_drz.fits,mast:HST/product/j9op13010_drz.fits,,,/data/bwedig/roman-pandeia/data/mastDownload/SLACS/j9op13010_drz.fits,/data/bwedig/roman-pandeia/data/cutouts/SLACS/cutout_WFC1_CLEAR1L;F814W_J9OP13010.fits,32,093600.77+091335.8,1303,53050,78,0.1897,0.588,16.52,d,0.07,J0936+0913,90.5,2.11,0.308,0.81,145.3,243,12,E,S,A, ,144.00321,9.22661
J9OP14010,SDSSJ0946+1006,146.7361302108,10.11465907913,2006-11-03T03:04:51.183000,2006-11-03T04:55:06.217000,2096.0,ACS   ,WFC1,CLEAR1L;F814W,8045.1919,2006-11-03T22:27:25,J9OP14010,j9op14010_drz.fits,mast:HST/product/j9op14010_drz.fits,,,/data/bwedig/roman-pandeia/data/mastDownload/SLACS/j9op14010_drz.fits,/data/bwedig/roman-pandeia/data/cutouts/SLACS/cutout_WFC1_CLEAR1L;F814W_J9OP14010.fits,33,094656.68+100652.8,1305,52757,503,0.2219,0.6085,17.09,d,0.05,J0946+1006,73.2,2.35,0.316,0.96,10.3,263,21,E,S,A, ,146.73617,10.11467
J9EM37E8Q,SDSSJ0955+0101,148.8321666667,1.029,2006-01-31T08:08:54.800000,2006-01-31T08:15:55.847000,420.0,ACS   ,WFC1,CLEAR1L;F435W,4329.2612,2007-01-31T17:42:09.383000,J9EM37E8Q,j9em37e8q_drz.fits,mast:HST/product/j9em37e8q_drz.fits,,,/data/bwedig/roman-pandeia/data/mastDownload/SLACS/j9em37e8q_drz.fits,/data/bwedig/roman-pandeia/data/cutouts/SLACS/cutout_WFC1_CLEAR1L;F435W_J9EM37E8Q.fits,35,095519.72+010144.4,268,51633,336,0.1109,0.3159,16.97,s,0.05,J0955+0101,18.9,1.09,0.304,0.39,108.6,192,13,L,S,A, ,148.83217,1.029
J9EM37E9Q,SDSSJ0955+0101,148.8321666667,1.029,2006-01-31T08:18:32.817000,2006-01-31T08:25:33.863000,420.0,ACS   ,WFC1,CLEAR1L;F814W,8047.8809,2007-01-31T17:42:20.213000,J9EM37E9Q,j9em37e9q_drz.fits,mast:HST/product/j9em37e9q_drz.fits,,,/data/bwedig/roman-pandeia/data/mastDownload/SLACS/j9em37e9q_drz.fits,/data/bwedig/roman-pandeia/data/cutouts/SLACS/cutout_WFC1_CLEAR1L;F814W_J9EM37E9Q.fits,35,095519.72+010144.4,268,51633,336,0.1109,0.3159,16.97,s,0.05,J0955+0101,18.9,1.09,0.304,0.39,108.6,192,13,L,S,A, ,148.83217,1.029
J9OP15010,SDSSJ0959+4416,149.7539546447,44.27759404853,2006-12-12T13:17:57.280000,2006-12-12T14:56:12.313000,2128.0,ACS   ,WFC1,CLEAR1L;F814W,8045.2197,2006-12-13T02:48:40,J9OP15010,j9op15010_drz.fits,mast:HST/product/j9op15010_drz.fits,,,/data/bwedig/roman-pandeia/data/mastDownload/SLACS/j9op15010_drz.fits,/data/bwedig/roman-pandeia/data/cutouts/SLACS/cutout_WFC1_CLEAR1L;F814W_J9OP15010.fits,37,095900.96+441639.4,942,52703,499,0.2369,0.5315,16.9,d,0.02,J0959+4416,97.6,1.98,0.317,0.87,55.9,244,19,E,S,A, ,149.754,44.27761
J9OP16010,SDSSJ1016+3859,154.0952029772,38.98425309631,2006-10-19T09:29:54.190000,2006-10-19T09:38:44.327000,0.0,ACS   ,WFC1,CLEAR1L;F814W,8045.1816,2006-10-20T02:23:10,J9OP16010,j9op16010_drz.fits,mast:HST/product/j9op16010_drz.fits,,,/data/bwedig/roman-pandeia/data/mastDownload/SLACS/j9op16010_drz.fits,,39,101622.86+385903.3,1427,52996,461,0.1679,0.4394,16.71,d,0.03,J1016+3859,56.7,1.46,0.32,0.85,63.3,247,13,E,S,A, ,154.09525,38.98425
J9OP17010,SDSSJ1020+1122,155.1105464685,11.37807704866,2006-12-17T15:05:51.267000,2006-12-17T16:39:12.313000,2096.0,ACS   ,WFC1,CLEAR1L;F814W,8045.22335,2006-12-18T06:17:03,J9OP17010,j9op17010_drz.fits,mast:HST/product/j9op17010_drz.fits,,,/data/bwedig/roman-pandeia/data/mastDownload/SLACS/j9op17010_drz.fits,/data/bwedig/roman-pandeia/data/cutouts/SLACS/cutout_WFC1_CLEAR1L;F814W_J9OP17010.fits,40,102026.54+112241.1,1598,53033,353,0.2822,0.553,17.21,d,0.06,J1020+1122,110.5,1.59,0.319,0.79,106.6,282,18,E,S,A, ,155.11058,11.37808
J9OP18010,SDSSJ1023+4230,155.8843671514,42.50050359386,2006-10-14T22:22:57.197000,2006-10-14T23:06:14.217000,2128.0,ACS   ,WFC1,CLEAR1L;F814W,8045.1787,2006-10-15T06:59:51,J9OP18010,j9op18010_drz.fits,mast:HST/product/j9op18010_drz.fits,,,/data/bwedig/roman-pandeia/data/mastDownload/SLACS/j9op18010_drz.fits,/data/bwedig/roman-pandeia/data/cutouts/SLACS/cutout_WFC1_CLEAR1L;F814W_J9OP18010.fits,41,102332.26+423001.8,1359,53002,418,0.1912,0.696,16.77,d,0.03,J1023+4230,70.1,1.77,0.314,0.85,167.5,242,15,E,S,A, ,155.88442,42.5005
J9OP19010,SDSSJ1029+0420,157.3455472801,4.333826039262,2006-11-02T03:08:45.200000,2006-11-02T04:56:21.223000,2088.0,ACS   ,WFC1,CLEAR1L;F814W,8045.1914,2006-11-02T23:41:33,J9OP19010,j9op19010_drz.fits,mast:HST/product/j9op19010_drz.fits,,,/data/bwedig/roman-pandeia/data/mastDownload/SLACS/j9op19010_drz.fits,/data/bwedig/roman-pandeia/data/cutouts/SLACS/cutout_WFC1_CLEAR1L;F814W_J9OP19010.fits,43,102922.94+042001.8,576,52325,433,0.1045,0.6154,16.13,d,0.06,J1029+0420,36.7,1.56,0.315,0.52,127.9,210,11,E,S,A, ,157.34558,4.33383
J9EM86O8Q,SDSSJ1029+6115,157.36475,61.25141666667,2006-12-27T08:18:10.273000,2006-12-27T08:25:11.290000,420.0,ACS   ,WFC1,CLEAR1L;F814W,8045.23,2007-12-27T22:58:49.480000,J9EM86O8Q,j9em86o8q_drz.fits,mast:HST/product/j9em86o8q_drz.fits,,,/data/bwedig/roman-pandeia/data/mastDownload/SLACS/j9em86o8q_drz.fits,/data/bwedig/roman-pandeia/data/cutouts/SLACS/cutout_WFC1_CLEAR1L;F814W_J9EM86O8Q.fits,44,102927.53+611505.3,772,52375,140,0.1574,0.2512,16.06,s,0.02,J1029+6115,88.8,2.73,0.36,0.83,3.1,228,14,E,S,B, ,157.36471,61.25147
J9OP20010,SDSSJ1032+5322,158.1492770651,53.37637590526,2006-10-03T22:41:35.167000,2006-10-03T22:50:35.320000,0.0,ACS   ,WFC1,CLEAR1L;F814W,8045.1709,2006-10-04T02:26:13,J9OP20010,j9op20010_drz.fits,mast:HST/product/j9op20010_drz.fits,,,/data/bwedig/roman-pandeia/data/mastDownload/SLACS/j9op20010_drz.fits,,45,103235.84+532234.9,905,52643,100,0.1334,0.329,17.05,d,0.03,J1032+5322,25.5,0.81,0.306,0.44,136.5,296,15,L,S,A, ,158.14933,53.37636
J9EM07U4Q,SDSSJ1039+0513,159.7675833333,5.226583333333,2006-02-18T23:54:47.793000,2006-02-19T00:01:48.840000,420.0,ACS   ,WFC1,CLEAR1L;F814W,8047.894,2007-02-19T15:34:34.617000,J9EM07U4Q,j9em07u4q_drz.fits,mast:HST/product/j9em07u4q_drz.fits,,,/data/bwedig/roman-pandeia/data/mastDownload/SLACS/j9em07u4q_drz.fits,/data/bwedig/roman-pandeia/data/cutouts/SLACS/cutout_WFC1_CLEAR1L;F814W_J9EM07U4Q.fits,46,103904.22+051335.8,577,52367,571,0.0668,0.3627,15.38,s,0.05,J1039+0513,28.7,2.4,0.323,0.87,59.0,190,10,E,S,X, ,159.76758,5.22661
J9EM0GQYQ,SDSSJ1039+0933,159.99075,9.564194444444,2006-01-21T08:15:21.780000,2006-01-21T08:22:22.827000,420.0,ACS   ,WFC1,CLEAR1L;F435W,4329.2598,2007-01-21T15:18:59.760000,J9EM0GQYQ,j9em0gqyq_drz.fits,mast:HST/product/j9em0gqyq_drz.fits,,,/data/bwedig/roman-pandeia/data/mastDownload/SLACS/j9em0gqyq_drz.fits,/data/bwedig/roman-pandeia/data/cutouts/SLACS/cutout_WFC1_CLEAR1L;F435W_J9EM0GQYQ.fits,47,103957.78+093351.0,1240,52734,507,0.2212,0.5612,, ,0.05,J1039+0933,,,,,,,,E,M,B, ,159.99075,9.56417
J9EM0GQZQ,SDSSJ1039+0933,159.99075,9.564194444444,2006-01-21T08:24:59.763000,2006-01-21T08:32:00.813000,420.0,ACS   ,WFC1,CLEAR1L;F814W,8047.874,2007-01-21T15:28:49.537000,J9EM0GQZQ,j9em0gqzq_drz.fits,mast:HST/product/j9em0gqzq_drz.fits,,,/data/bwedig/roman-pandeia/data/mastDownload/SLACS/j9em0gqzq_drz.fits,/data/bwedig/roman-pandeia/data/cutouts/SLACS/cutout_WFC1_CLEAR1L;F814W_J9EM0GQZQ.fits,47,103957.78+093351.0,1240,52734,507,0.2212,0.5612,, ,0.05,J1039+0933,,,,,,,,E,M,B, ,159.99075,9.56417
J9OP22010,SDSSJ1046+4151,161.5288258588,41.85446979762,2006-11-17T02:54:12.217000,2006-11-17T04:35:09.263000,2128.0,ACS   ,WFC1,CLEAR1L;F814W,8045.2018,2006-11-17T12:52:17,J9OP22010,j9op22010_drz.fits,mast:HST/product/j9op22010_drz.fits,,,/data/bwedig/roman-pandeia/data/mastDownload/SLACS/j9op22010_drz.fits,/data/bwedig/roman-pandeia/data/cutouts/SLACS/cutout_WFC1_CLEAR1L;F814W_J9OP22010.fits,48,104606.93+415116.1,1361,53047,77,0.1025,0.7584,16.61,d,0.02,J1046+4151,22.0,1.03,0.308,0.36,49.8,191,10,L,S,X, ,161.52887,41.85447
J9EM0SEDQ,SDSSJ1100+5329,165.101625,53.48713888889,2005-10-18T05:19:20.227000,2005-10-18T05:26:21.157000,420.0,ACS   ,WFC1,CLEAR1L;F435W,4329.2461,2006-10-18T08:55:03.600000,J9EM0SEDQ,j9em0sedq_drz.fits,mast:HST/product/j9em0sedq_drz.fits,,,/data/bwedig/roman-pandeia/data/mastDownload/SLACS/j9em0sedq_drz.fits,/data/bwedig/roman-pandeia/data/cutouts/SLACS/cutout_WFC1_CLEAR1L;F435W_J9EM0SEDQ.fits,49,110024.39+532913.9,1011,52652,175,0.3171,0.8581,17.18,s,0.02,J1100+5329,143.6,2.24,0.314,0.58,103.0,,,E,S,A, ,165.10162,53.48719
J9EM0SEEQ,SDSSJ1100+5329,165.101625,53.48713888889,2005-10-18T05:28:58.217000,2005-10-18T05:35:59.147000,420.0,ACS   ,WFC1,CLEAR1L;F814W,8047.8076,2006-10-18T15:24:25.437000,J9EM0SEEQ,j9em0seeq_drz.fits,mast:HST/product/j9em0seeq_drz.fits,,,/data/bwedig/roman-pandeia/data/mastDownload/SLACS/j9em0seeq_drz.fits,/data/bwedig/roman-pandeia/data/cutouts/SLACS/cutout_WFC1_CLEAR1L;F814W_J9EM0SEEQ.fits,49,110024.39+532913.9,1011,52652,175,0.3171,0.8581,17.18,s,0.02,J1100+5329,143.6,2.24,0.314,0.58,103.0,,,E,S,A, ,165.10162,53.48719
J9OP23010,SDSSJ1103+5322,165.7841551751,53.37451843605,2006-10-03T21:07:01.183000,2006-10-03T21:50:46.200000,2156.0,ACS   ,WFC1,CLEAR1L;F814W,8045.1709,2006-10-04T02:26:10,J9OP23010,j9op23010_drz.fits,mast:HST/product/j9op23010_drz.fits,,,/data/bwedig/roman-pandeia/data/mastDownload/SLACS/j9op23010_drz.fits,/data/bwedig/roman-pandeia/data/cutouts/SLACS/cutout_WFC1_CLEAR1L;F814W_J9OP23010.fits,50,110308.21+532228.2,1011,52652,156,0.1582,0.7353,16.43,d,0.02,J1103+5322,63.7,1.95,0.33,0.46,45.5,196,12,U,S,A, ,165.78421,53.3745
J9EM25AEQ,SDSSJ1106+5228,166.6923333333,52.47713888889,2005-10-16T05:21:30.510000,2005-10-16T05:28:31.557000,420.0,ACS   ,WFC1,CLEAR1L;F435W,4329.2461,2006-10-16T12:16:57.310000,J9EM25AEQ,j9em25aeq_drz.fits,mast:HST/product/j9em25aeq_drz.fits,,,/data/bwedig/roman-pandeia/data/mastDownload/SLACS/j9em25aeq_drz.fits,/data/bwedig/roman-pandeia/data/cutouts/SLACS/cutout_WFC1_CLEAR1L;F435W_J9EM25AEQ.fits,51,110646.15+522837.8,1011,52652,7,0.0955,0.4069,15.52,s,0.02,J1106+5228,51.4,1.68,0.324,0.63,57.3,262,13,E,S,A, ,166.69229,52.47717
J9EM25AFQ,SDSSJ1106+5228,166.6923333333,52.47713888889,2005-10-16T05:31:08.493000,2005-10-16T05:38:09.543000,420.0,ACS   ,WFC1,CLEAR1L;F814W,8047.8062,2006-10-16T12:17:03.490000,J9EM25AFQ,j9em25afq_drz.fits,mast:HST/product/j9em25afq_drz.fits,,,/data/bwedig/roman-pandeia/data/mastDownload/SLACS/j9em25afq_drz.fits,/data/bwedig/roman-pandeia/data/cutouts/SLACS/cutout_WFC1_CLEAR1L;F814W_J9EM25AFQ.fits,51,110646.15+522837.8,1011,52652,7,0.0955,0.4069,15.52,s,0.02,J1106+5228,51.4,1.68,0.324,0.63,57.3,262,13,E,S,A, ,166.69229,52.47717
J9EM68KKQ,SDSSJ1108+0252,167.07375,2.878138888889,2006-02-02T11:20:08.817000,2006-02-02T11:27:09.863000,420.0,ACS   ,WFC1,CLEAR1L;F435W,4329.2612,2007-02-02T18:18:05.533000,J9EM68KKQ,j9em68kkq_drz.fits,mast:HST/product/j9em68kkq_drz.fits,,,/data/bwedig/roman-pandeia/data/mastDownload/SLACS/j9em68kkq_drz.fits,/data/bwedig/roman-pandeia/data/cutouts/SLACS/cutout_WFC1_CLEAR1L;F435W_J9EM68KKQ.fits,52,110817.70+025241.3,509,52374,471,0.1368,0.3105,17.19,s,0.08,J1108+0252,24.7,1.17,0.322,0.86,146.1,178,14,E,S,B, ,167.07375,2.87814
J9EM68KLQ,SDSSJ1108+0252,167.07375,2.878138888889,2006-02-02T11:29:46.800000,2006-02-02T11:36:47.847000,420.0,ACS   ,WFC1,CLEAR1L;F814W,8047.8823,2007-02-03T03:10:25.453000,J9EM68KLQ,j9em68klq_drz.fits,mast:HST/product/j9em68klq_drz.fits,,,/data/bwedig/roman-pandeia/data/mastDownload/SLACS/j9em68klq_drz.fits,/data/bwedig/roman-pandeia/data/cutouts/SLACS/cutout_WFC1_CLEAR1L;F814W_J9EM68KLQ.fits,52,110817.70+025241.3,509,52374,471,0.1368,0.3105,17.19,s,0.08,J1108+0252,24.7,1.17,0.322,0.86,146.1,178,14,E,S,B, ,167.07375,2.87814
J9EM0LD8Q,SDSSJ1112+0826,168.2108333333,8.436222222222,2006-02-28T02:54:21.807000,2006-02-28T03:01:22.857000,420.0,ACS   ,WFC1,CLEAR1L;F814W,8047.9004,2007-02-28T08:23:04.463000,J9EM0LD8Q,j9em0ld8q_drz.fits,mast:HST/product/j9em0ld8q_drz.fits,,,/data/bwedig/roman-pandeia/data/mastDownload/SLACS/j9em0ld8q_drz.fits,/data/bwedig/roman-pandeia/data/cutouts/SLACS/cutout_WFC1_CLEAR1L;F814W_J9EM0LD8Q.fits,53,111250.60+082610.4,1221,52751,28,0.273,0.6295,17.22,s,0.06,J1112+0826,101.9,1.5,0.328,0.77,137.5,320,20,E,S,A, ,168.21083,8.43622
J9EM83CHQ,SDSSJ1134+6027,173.5245,60.45366666667,2006-02-07T08:42:09.807000,2006-02-07T08:49:10.857000,420.0,ACS   ,WFC1,CLEAR1L;F814W,8047.8857,2007-02-07T18:50:41.180000,J9EM83CHQ,j9em83chq_drz.fits,mast:HST/product/j9em83chq_drz.fits,,,/data/bwedig/roman-pandeia/data/mastDownload/SLACS/j9em83chq_drz.fits,/data/bwedig/roman-pandeia/data/cutouts/SLACS/cutout_WFC1_CLEAR1L;F814W_J9EM83CHQ.fits,55,113405.89+602713.5,952,52409,524,0.1528,0.4742,16.44,s,0.02,J1134+6027,59.1,2.02,0.325,0.83,155.0,239,12,E,S,A, ,173.52454,60.45375
J9EM58F5Q,SDSSJ1136+0426,174.1505416667,4.440277777778,2005-12-20T05:56:12.557000,2005-12-20T06:03:13.607000,420.0,ACS   ,WFC1,CLEAR1L;F435W,4329.2554,2006-12-20T10:44:12.317000,J9EM58F5Q,j9em58f5q_drz.fits,mast:HST/product/j9em58f5q_drz.fits,,,/data/bwedig/roman-pandeia/data/mastDownload/SLACS/j9em58f5q_drz.fits,/data/bwedig/roman-pandeia/data/cutouts/SLACS/cutout_WFC1_CLEAR1L;F435W_J9EM58F5Q.fits,56,113636.14+042625.0,837,52642,39,0.1282,0.5341,16.97,s,0.04,J1136+0426,25.4,0.88,0.33,0.81,123.9,258,14,E,S,X, ,174.15058,4.44028
J9EM58F6Q,SDSSJ1136+0426,174.1505416667,4.440277777778,2005-12-20T06:05:50.573000,2005-12-20T06:12:51.620000,420.0,ACS   ,WFC1,CLEAR1L;F814W,8047.8516,2006-12-20T10:54:34.700000,J9EM58F6Q,j9em58f6q_drz.fits,mast:HST/product/j9em58f6q_drz.fits,,,/data/bwedig/roman-pandeia/data/mastDownload/SLACS/j9em58f6q_drz.fits,/data/bwedig/roman-pandeia/data/cutouts/SLACS/cutout_WFC1_CLEAR1L;F814W_J9EM58F6Q.fits,56,113636.14+042625.0,837,52642,39,0.1282,0.5341,16.97,s,0.04,J1136+0426,25.4,0.88,0.33,0.81,123.9,258,14,E,S,X, ,174.15058,4.44028
J9EM08ABQ,SDSSJ1140+5640,175.219625,56.679,2005-10-24T05:13:09.533000,2005-10-24T05:20:10.583000,420.0,ACS   ,WFC1,CLEAR1L;F435W,4329.2471,2006-10-24T11:48:03.290000,J9EM08ABQ,j9em08abq_drz.fits,mast:HST/product/j9em08abq_drz.fits,,,/data/bwedig/roman-pandeia/data/mastDownload/SLACS/j9em08abq_drz.fits,/data/bwedig/roman-pandeia/data/cutouts/SLACS/cutout_WFC1_CLEAR1L;F435W_J9EM08ABQ.fits,57,114052.69+564044.5,1312,52781,311,0.0674,0.2968,15.78,s,0.02,J1140+5640,19.6,1.92,0.321,0.69,145.9,163,9,L,S,X, ,175.21954,56.67903
J9EM08ACQ,SDSSJ1140+5640,175.219625,56.679,2005-10-24T05:22:47.517000,2005-10-24T05:29:48.567000,420.0,ACS   ,WFC1,CLEAR1L;F814W,8047.8115,2006-10-24T11:48:09.517000,J9EM08ACQ,j9em08acq_drz.fits,mast:HST/product/j9em08acq_drz.fits,,,/data/bwedig/roman-pandeia/data/mastDownload/SLACS/j9em08acq_drz.fits,/data/bwedig/roman-pandeia/data/cutouts/SLACS/cutout_WFC1_CLEAR1L;F814W_J9EM08ACQ.fits,57,114052.69+564044.5,1312,52781,311,0.0674,0.2968,15.78,s,0.02,J1140+5640,19.6,1.92,0.321,0.69,145.9,163,9,L,S,X, ,175.21954,56.67903
J9OP24010,SDSSJ1142+1001,175.7389212093,10.01994142014,2006-11-18T04:28:56.217000,2006-11-18T06:10:25.267000,2096.0,ACS   ,WFC1,CLEAR1L;F814W,8045.2026,2006-11-19T01:09:25,J9OP24010,j9op24010_drz.fits,mast:HST/product/j9op24010_drz.fits,,,/data/bwedig/roman-pandeia/data/mastDownload/SLACS/j9op24010_drz.fits,/data/bwedig/roman-pandeia/data/cutouts/SLACS/cutout_WFC1_CLEAR1L;F814W_J9OP24010.fits,58,114257.35+100111.8,1226,52734,306,0.2218,0.5039,17.1,d,0.1,J1142+1001,75.8,1.91,0.314,0.89,95.4,221,22,E,S,A, ,175.73896,10.01994
J9EM32F4Q,SDSSJ1143-0144,175.8735,-1.741666666667,2006-02-13T17:54:49.807000,2006-02-13T18:01:50.857000,420.0,ACS   ,WFC1,CLEAR1L;F814W,8047.8906,2007-02-14T10:17:02.380000,J9EM32F4Q,j9em32f4q_drz.fits,mast:HST/product/j9em32f4q_drz.fits,,,/data/bwedig/roman-pandeia/data/mastDownload/SLACS/j9em32f4q_drz.fits,/data/bwedig/roman-pandeia/data/cutouts/SLACS/cutout_WFC1_CLEAR1L;F814W_J9EM32F4Q.fits,59,114329.64-014430.0,328,52282,535,0.106,0.4019,14.96,d,0.03,J1143-0144,108.5,4.8,0.337,0.8,118.7,269,13,E,S,A, ,175.8735,-1.74167
J9EM33ECQ,SDSSJ1152+0054,178.037375,0.9086111111111,2006-01-17T08:25:38.773000,2006-01-17T08:32:39.820000,420.0,ACS   ,WFC1,CLEAR1L;F435W,4329.2593,2007-01-17T15:01:43.673000,J9EM33ECQ,j9em33ecq_drz.fits,mast:HST/product/j9em33ecq_drz.fits,,,/data/bwedig/roman-pandeia/data/mastDownload/SLACS/j9em33ecq_drz.fits,/data/bwedig/roman-pandeia/data/cutouts/SLACS/cutout_WFC1_CLEAR1L;F435W_J9EM33ECQ.fits,60,115208.97+005431.0,284,51943,452,0.1062,0.159,16.9,s,0.04,J1152+0054,18.5,0.86,0.328,0.58,123.5,235,14,E,S,X, ,178.03737,0.90861
J9EM33EDQ,SDSSJ1152+0054,178.037375,0.9086111111111,2006-01-17T08:35:16.757000,2006-01-17T08:42:17.803000,420.0,ACS   ,WFC1,CLEAR1L;F814W,8047.8711,2007-01-17T19:53:31.453000,J9EM33EDQ,j9em33edq_drz.fits,mast:HST/product/j9em33edq_drz.fits,,,/data/bwedig/roman-pandeia/data/mastDownload/SLACS/j9em33edq_drz.fits,/data/bwedig/roman-pandeia/data/cutouts/SLACS/cutout_WFC1_CLEAR1L;F814W_J9EM33EDQ.fits,60,115208.97+005431.0,284,51943,452,0.1062,0.159,16.9,s,0.04,J1152+0054,18.5,0.86,0.328,0.58,123.5,235,14,E,S,X, ,178.03737,0.90861
J9OP25010,SDSSJ1153+4612,178.2949056269,46.20147607825,2006-11-23T05:47:32.217000,2006-11-23T06:31:01.263000,2140.0,ACS   ,WFC1,CLEAR1L;F814W,8045.2061,2006-11-23T16:24:58,J9OP25010,j9op25010_drz.fits,mast:HST/product/j9op25010_drz.fits,,,/data/bwedig/roman-pandeia/data/mastDownload/SLACS/j9op25010_drz.fits,/data/bwedig/roman-pandeia/data/cutouts/SLACS/cutout_WFC1_CLEAR1L;F814W_J9OP25010.fits,61,115310.79+461205.3,1446,53080,211,0.1797,0.8751,17.2,d,0.04,J1153+4612,41.9,1.16,0.323,0.9,2.9,226,15,E,S,A, ,178.29496,46.20147
J9OP26010,SDSSJ1159+5447,179.7726881189,54.79396368595,2006-12-25T03:52:52.257000,2006-12-25T04:51:35.320000,2156.0,ACS   ,WFC1,CLEAR1L;F814W,8045.2285,2006-12-25T19:18:55,J9OP26010,j9op26010_drz.fits,mast:HST/product/j9op26010_drz.fits,,,/data/bwedig/roman-pandeia/data/mastDownload/SLACS/j9op26010_drz.fits,/data/bwedig/roman-pandeia/data/cutouts/SLACS/cutout_WFC1_CLEAR1L;F814W_J9OP26010.fits,63,115905.46+544738.3,1018,52672,279,0.0818,0.2695,15.74,d,0.02,J1159+5447,30.6,1.9,0.318,0.69,107.3,231,12,E,S,X, ,179.77275,54.79397
J9EM91UZQ,SDSSJ1203+0233,180.8536666667,2.550277777778,2006-03-19T09:07:52.727000,2006-03-19T09:14:53.657000,420.0,ACS   ,WFC1,CLEAR1L;F814W,8047.9141,2007-03-19T14:37:56.520000,J9EM91UZQ,j9em91uzq_drz.fits,mast:HST/product/j9em91uzq_drz.fits,,,/data/bwedig/roman-pandeia/data/mastDownload/SLACS/j9em91uzq_drz.fits,/data/bwedig/roman-pandeia/data/cutouts/SLACS/cutout_WFC1_CLEAR1L;F814W_J9EM91UZQ.fits,64,120324.89+023301.1,517,52024,352,0.1644,0.438,16.59,s,0.05,J1203+0233,61.2,2.7,0.312,0.5,67.2,209,11,L,S,X, ,180.85371,2.55031
J9OP27010,SDSSJ1211+4550,182.9947398849,45.84350666398,2006-11-20T01:05:49.240000,2006-11-20T01:49:18.257000,2140.0,ACS   ,WFC1,CLEAR1L;F814W,8045.2041,2006-11-20T04:18:30,J9OP27010,j9op27010_drz.fits,mast:HST/product/j9op27010_drz.fits,,,/data/bwedig/roman-pandeia/data/mastDownload/SLACS/j9op27010_drz.fits,/data/bwedig/roman-pandeia/data/cutouts/SLACS/cutout_WFC1_CLEAR1L;F814W_J9OP27010.fits,67,121158.75+455036.6,1370,53090,427,0.111,0.317,15.63,d,0.02,J1211+4550,63.6,2.89,0.322,0.75,107.6,231,12,E,S,X, ,182.99479,45.8435
J9EM51KSQ,SDSSJ1213+6708,183.4190833333,67.14130555556,2006-02-09T15:01:56.817000,2006-02-09T15:08:57.960000,0.0,ACS   ,WFC1,CLEAR1L;F814W,8047.8877,2007-02-09T21:48:04.023000,J9EM51KSQ,j9em51ksq_drz.fits,mast:HST/product/j9em51ksq_drz.fits,,,/data/bwedig/roman-pandeia/data/mastDownload/SLACS/j9em51ksq_drz.fits,,68,121340.58+670829.0,493,51957,145,0.1229,0.6402,15.6,d,0.03,J1213+6708,81.1,3.23,0.326,0.77,20.0,292,15,E,S,A, ,183.41908,67.14139
J9OP28010,SDSSJ1213+6708,183.4189966269,67.14140341999,2006-11-06T06:25:12.177000,2006-11-06T07:10:21.223000,2240.0,ACS   ,WFC1,CLEAR1L;F814W,8045.1943,2006-11-06T20:13:30,J9OP28010,j9op28010_drz.fits,mast:HST/product/j9op28010_drz.fits,,,/data/bwedig/roman-pandeia/data/mastDownload/SLACS/j9op28010_drz.fits,/data/bwedig/roman-pandeia/data/cutouts/SLACS/cutout_WFC1_CLEAR1L;F814W_J9OP28010.fits,68,121340.58+670829.0,493,51957,145,0.1229,0.6402,15.6,d,0.03,J1213+6708,81.1,3.23,0.326,0.77,20.0,292,15,E,S,A, ,183.41908,67.14139
J9OP29010,SDSSJ1218+0830,184.6112154085,8.513958983149,2007-01-18T09:26:59.307000,2007-01-18T10:09:36.357000,2088.0,ACS   ,WFC1,CLEAR1L;F814W,8045.2456,2007-01-18T18:35:09,J9OP29010,j9op29010_drz.fits,mast:HST/product/j9op29010_drz.fits,,,/data/bwedig/roman-pandeia/data/mastDownload/SLACS/j9op29010_drz.fits,/data/bwedig/roman-pandeia/data/cutouts/SLACS/cutout_WFC1_CLEAR1L;F814W_J9OP29010.fits,69,121826.70+083050.3,1625,53140,415,0.135,0.7172,15.74,d,0.03,J1218+0830,87.2,3.18,0.321,0.72,50.5,219,11,E,S,A, ,184.61125,8.51397
J9EM11ESQ,SDSSJ1244+0111,191.108375,1.196361111111,2006-01-24T11:37:07.763000,2006-01-24T11:44:08.813000,420.0,ACS   ,WFC1,CLEAR1L;F435W,4329.2603,2007-01-24T17:12:54.637000,J9EM11ESQ,j9em11esq_drz.fits,mast:HST/product/j9em11esq_drz.fits,,,/data/bwedig/roman-pandeia/data/mastDownload/SLACS/j9em11esq_drz.fits,/data/bwedig/roman-pandeia/data/cutouts/SLACS/cutout_WFC1_CLEAR1L;F435W_J9EM11ESQ.fits,70,124426.03+011146.8,291,51928,528,0.0725,0.56,15.21,s,0.03,J1244+0111,39.2,2.83,0.32,0.7,106.9,172,9,L,S,X, ,191.10846,1.19633
J9EM11ETQ,SDSSJ1244+0111,191.108375,1.196361111111,2006-01-24T11:46:45.780000,2006-01-24T11:53:46.797000,420.0,ACS   ,WFC1,CLEAR1L;F814W,8047.8765,2007-01-24T17:23:13.923000,J9EM11ETQ,j9em11etq_drz.fits,mast:HST/product/j9em11etq_drz.fits,,,/data/bwedig/roman-pandeia/data/mastDownload/SLACS/j9em11etq_drz.fits,/data/bwedig/roman-pandeia/data/cutouts/SLACS/cutout_WFC1_CLEAR1L;F814W_J9EM11ETQ.fits,70,124426.03+011146.8,291,51928,528,0.0725,0.56,15.21,s,0.03,J1244+0111,39.2,2.83,0.32,0.7,106.9,172,9,L,S,X, ,191.10846,1.19633
J9EM75FXQ,SDSSJ1313+0506,198.3612916667,5.115888888889,2006-04-10T11:53:10.887000,2006-04-10T12:00:11.937000,420.0,ACS   ,WFC1,CLEAR1L;F814W,8047.9292,2007-04-11T17:05:21.023000,J9EM75FXQ,j9em75fxq_drz.fits,mast:HST/product/j9em75fxq_drz.fits,,,/data/bwedig/roman-pandeia/data/mastDownload/SLACS/j9em75fxq_drz.fits,/data/bwedig/roman-pandeia/data/cutouts/SLACS/cutout_WFC1_CLEAR1L;F814W_J9EM75FXQ.fits,75,131326.70+050657.2,851,52376,344,0.1438,0.3385,17.1,s,0.06,J1313+0506,29.4,0.86,0.311,0.45,74.9,221,17,L,S,B, ,198.36125,5.11589
J9EM48ZIQ,SDSSJ1343+6027,205.784375,60.46522222222,2005-08-05T17:14:34.397000,2005-08-05T17:21:35.327000,420.0,ACS   ,WFC1,CLEAR1L;F435W,4329.2358,2006-08-05T23:03:26.920000,J9EM48ZIQ,j9em48ziq_drz.fits,mast:HST/product/j9em48ziq_drz.fits,,,/data/bwedig/roman-pandeia/data/mastDownload/SLACS/j9em48ziq_drz.fits,/data/bwedig/roman-pandeia/data/cutouts/SLACS/cutout_WFC1_CLEAR1L;F435W_J9EM48ZIQ.fits,77,134308.25+602755.0,786,52319,236,0.1198,0.3199,16.3,s,0.03,J1343+6027,40.6,2.07,0.31,0.52,153.1,178,10,L,S,X, ,205.78437,60.46528
J9EM48ZJQ,SDSSJ1343+6027,205.784375,60.46522222222,2005-08-05T17:24:12.383000,2005-08-05T17:31:13.313000,420.0,ACS   ,WFC1,CLEAR1L;F814W,8047.7559,2006-08-06T09:21:42.680000,J9EM48ZJQ,j9em48zjq_drz.fits,mast:HST/product/j9em48zjq_drz.fits,,,/data/bwedig/roman-pandeia/data/mastDownload/SLACS/j9em48zjq_drz.fits,/data/bwedig/roman-pandeia/data/cutouts/SLACS/cutout_WFC1_CLEAR1L;F814W_J9EM48ZJQ.fits,77,134308.25+602755.0,786,52319,236,0.1198,0.3199,16.3,s,0.03,J1343+6027,40.6,2.07,0.31,0.52,153.1,178,10,L,S,X, ,205.78437,60.46528
J9EM01A9Q,SDSSJ1343+6052,205.7885,60.86933333333,2006-07-17T01:12:14.063000,2006-07-17T01:19:15.077000,420.0,ACS   ,WFC1,CLEAR1L;F814W,8045.1152,2007-07-17T04:08:19.030000,J9EM01A9Q,j9em01a9q_drz.fits,mast:HST/product/j9em01a9q_drz.fits,,,/data/bwedig/roman-pandeia/data/mastDownload/SLACS/j9em01a9q_drz.fits,/data/bwedig/roman-pandeia/data/cutouts/SLACS/cutout_WFC1_CLEAR1L;F814W_J9EM01A9Q.fits,78,134309.22+605209.7,786,52319,193,0.0343,0.088,13.64,s,0.03,J1343+6052,35.8,4.91,0.322,0.49,5.1,206,10,E,S,X, ,205.78842,60.86936
J9EM99J6Q,SDSSJ1403+0006,210.872875,0.1114722222222,2006-03-08T06:07:49.867000,2006-03-08T06:14:50.913000,420.0,ACS   ,WFC1,CLEAR1L;F814W,8047.9062,2007-03-08T19:06:47.017000,J9EM99J6Q,j9em99j6q_drz.fits,mast:HST/product/j9em99j6q_drz.fits,,,/data/bwedig/roman-pandeia/data/mastDownload/SLACS/j9em99j6q_drz.fits,/data/bwedig/roman-pandeia/data/cutouts/SLACS/cutout_WFC1_CLEAR1L;F814W_J9EM99J6Q.fits,80,140329.49+000641.4,302,51688,354,0.1888,0.473,17.11,s,0.08,J1403+0006,52.8,1.46,0.317,0.81,110.5,213,17,E,S,A, ,210.87287,0.1115
J9OP35010,SDSSJ1416+5136,214.0930416792,51.60847045283,2006-11-13T07:53:07.227000,2006-11-13T09:36:13.267000,2156.0,ACS   ,WFC1,CLEAR1L;F814W,8045.1992,2006-11-13T18:42:42,J9OP35010,j9op35010_drz.fits,mast:HST/product/j9op35010_drz.fits,,,/data/bwedig/roman-pandeia/data/mastDownload/SLACS/j9op35010_drz.fits,/data/bwedig/roman-pandeia/data/cutouts/SLACS/cutout_WFC1_CLEAR1L;F814W_J9OP35010.fits,81,141622.34+513630.4,1045,52725,464,0.2987,0.8111,17.57,d,0.02,J1416+5136,87.5,1.43,0.326,0.76,23.4,240,25,E,S,A, ,214.09308,51.60844
J9OP36010,SDSSJ1430+4105,217.5170357549,41.09920219852,2006-12-18T02:11:05.280000,2006-12-18T02:54:22.297000,2128.0,ACS   ,WFC1,CLEAR1L;F814W,8045.2236,2006-12-18T17:40:23,J9OP36010,j9op36010_drz.fits,mast:HST/product/j9op36010_drz.fits,,,/data/bwedig/roman-pandeia/data/mastDownload/SLACS/j9op36010_drz.fits,/data/bwedig/roman-pandeia/data/cutouts/SLACS/cutout_WFC1_CLEAR1L;F814W_J9OP36010.fits,83,143004.10+410557.1,1349,52797,406,0.285,0.5753,16.87,d,0.02,J1430+4105,149.4,2.55,0.309,0.79,120.7,322,32,E,S,A, ,217.51708,41.09919
J9EM65B2Q,SDSSJ1430+5115,217.666,51.25852777778,2006-04-13T08:58:50.887000,2006-04-13T09:05:51.937000,420.0,ACS   ,WFC1,CLEAR1L;F814W,8047.9316,2007-04-13T14:13:02.943000,J9EM65B2Q,j9em65b2q_drz.fits,mast:HST/product/j9em65b2q_drz.fits,,,/data/bwedig/roman-pandeia/data/mastDownload/SLACS/j9em65b2q_drz.fits,/data/bwedig/roman-pandeia/data/cutouts/SLACS/cutout_WFC1_CLEAR1L;F814W_J9EM65B2Q.fits,84,143039.86+511530.9,1046,52460,448,0.1337,0.4503,16.33,s,0.02,J1430+5115,48.9,1.81,0.333,0.68,74.1,206,10,L,S,X, ,217.66608,51.25858
J9OP37010,SDSSJ1432+6317,218.0555675555,63.28442487923,2006-10-14T12:43:54.190000,2006-10-14T14:23:32.230000,2200.0,ACS   ,WFC1,CLEAR1L;F814W,8045.1782,2006-10-14T20:43:54,J9OP37010,j9op37010_drz.fits,mast:HST/product/j9op37010_drz.fits,,,/data/bwedig/roman-pandeia/data/mastDownload/SLACS/j9op37010_drz.fits,/data/bwedig/roman-pandeia/data/cutouts/SLACS/cutout_WFC1_CLEAR1L;F814W_J9OP37010.fits,85,143213.34+631703.8,499,51988,5,0.123,0.6643,15.16,d,0.03,J1432+6317,122.5,5.85,0.307,0.96,107.2,199,10,L,S,A, ,218.05558,63.28439
J9EM49P3Q,SDSSJ1436+4939,219.0395833333,49.65758333333,2006-03-17T11:21:19.850000,2006-03-17T11:28:20.897000,420.0,ACS   ,WFC1,CLEAR1L;F814W,8047.9126,2007-03-18T00:48:49.387000,J9EM49P3Q,j9em49p3q_drz.fits,mast:HST/product/j9em49p3q_drz.fits,,,/data/bwedig/roman-pandeia/data/mastDownload/SLACS/j9em49p3q_drz.fits,/data/bwedig/roman-pandeia/data/cutouts/SLACS/cutout_WFC1_CLEAR1L;F814W_J9EM49P3Q.fits,86,143609.50+493927.3,1046,52460,25,0.1225,0.3145,16.32,s,0.04,J1436+4939,42.4,2.13,0.312,0.71,12.9,212,12,E,S,X, ,219.03958,49.65758
J9EM0OP5Q,SDSSJ1436-0000,219.11475,-0.008083333333333,2006-04-16T23:04:30.887000,2006-04-16T23:11:31.937000,420.0,ACS   ,WFC1,CLEAR1L;F814W,8047.9341,2007-04-17T20:00:14.560000,J9EM0OP5Q,j9em0op5q_drz.fits,mast:HST/product/j9em0op5q_drz.fits,,,/data/bwedig/roman-pandeia/data/mastDownload/SLACS/j9em0op5q_drz.fits,/data/bwedig/roman-pandeia/data/cutouts/SLACS/cutout_WFC1_CLEAR1L;F814W_J9EM0OP5Q.fits,87,143627.54-000029.2,306,51637,35,0.2852,0.8049,17.24,s,0.07,J1436-0000,112.2,2.24,0.315,0.75,151.3,224,17,E,S,A, ,219.11475,-0.00811
J9EM79JEQ,SDSSJ1448-0116,222.2427083333,-1.27075,2006-03-08T07:46:23.850000,2006-03-08T07:53:24.897000,420.0,ACS   ,WFC1,CLEAR1L;F814W,8047.9062,2007-03-08T21:30:08.907000,J9EM79JEQ,j9em79jeq_drz.fits,mast:HST/product/j9em79jeq_drz.fits,,,/data/bwedig/roman-pandeia/data/mastDownload/SLACS/j9em79jeq_drz.fits,/data/bwedig/roman-pandeia/data/cutouts/SLACS/cutout_WFC1_CLEAR1L;F814W_J9EM79JEQ.fits,89,144858.24-011614.6,920,52411,607,0.1474,0.7807,16.65,s,0.1,J1448-0116,48.2,1.39,0.302,0.41,34.4,187,10,L,S,X, ,222.24267,-1.27072
J9EM95EUQ,SDSSJ1452-0058,223.0789583333,-0.9722777777778,2006-04-25T02:08:30.930000,2006-04-25T02:15:31.977000,420.0,ACS   ,WFC1,CLEAR1L;F814W,8047.9395,2007-04-25T15:08:25.627000,J9EM95EUQ,j9em95euq_drz.fits,mast:HST/product/j9em95euq_drz.fits,,,/data/bwedig/roman-pandeia/data/mastDownload/SLACS/j9em95euq_drz.fits,/data/bwedig/roman-pandeia/data/cutouts/SLACS/cutout_WFC1_CLEAR1L;F814W_J9EM95EUQ.fits,91,145218.94-005820.2,309,51994,298,0.177,0.5131,17.28,s,0.08,J1452-0058,39.3,0.85,0.321,0.77,120.9,193,11,E,S,X, ,223.07892,-0.97228
J9EM0JWEQ,SDSSJ1515+6128,228.7715,61.48002777778,2005-11-26T06:36:40.557000,2005-11-26T06:43:41.607000,420.0,ACS   ,WFC1,CLEAR1L;F435W,4329.252,2006-11-26T12:03:15.620000,J9EM0JWEQ,j9em0jweq_drz.fits,mast:HST/product/j9em0jweq_drz.fits,,,/data/bwedig/roman-pandeia/data/mastDownload/SLACS/j9em0jweq_drz.fits,/data/bwedig/roman-pandeia/data/cutouts/SLACS/cutout_WFC1_CLEAR1L;F435W_J9EM0JWEQ.fits,92,151505.14+612848.3,611,52055,626,0.2421,0.38,17.31,s,0.03,J1515+6128,70.3,1.2,0.327,0.66,173.0,212,25,E,S,X, ,228.77142,61.48008
J9EM0JWFQ,SDSSJ1515+6128,228.7715,61.48002777778,2005-11-26T06:46:18.573000,2005-11-26T06:53:19.620000,420.0,ACS   ,WFC1,CLEAR1L;F814W,8047.835,2006-11-26T12:03:19.710000,J9EM0JWFQ,j9em0jwfq_drz.fits,mast:HST/product/j9em0jwfq_drz.fits,,,/data/bwedig/roman-pandeia/data/mastDownload/SLACS/j9em0jwfq_drz.fits,/data/bwedig/roman-pandeia/data/cutouts/SLACS/cutout_WFC1_CLEAR1L;F814W_J9EM0JWFQ.fits,92,151505.14+612848.3,611,52055,626,0.2421,0.38,17.31,s,0.03,J1515+6128,70.3,1.2,0.327,0.66,173.0,212,25,E,S,X, ,228.77142,61.48008
J9EM41NJQ,SDSSJ1520-0034,230.037875,-0.5825555555556,2006-04-21T07:10:51.880000,2006-04-21T07:17:52.927000,420.0,ACS   ,WFC1,CLEAR1L;F814W,8047.937,2007-04-21T13:51:13.250000,J9EM41NJQ,j9em41njq_drz.fits,mast:HST/product/j9em41njq_drz.fits,,,/data/bwedig/roman-pandeia/data/mastDownload/SLACS/j9em41njq_drz.fits,/data/bwedig/roman-pandeia/data/cutouts/SLACS/cutout_WFC1_CLEAR1L;F814W_J9EM41NJQ.fits,93,152009.08-003457.3,313,51673,306,0.114,0.3954,16.88,s,0.11,J1520-0034,23.0,1.61,0.324,0.59,30.7,196,16,L,S,X, ,230.03783,-0.58258
J9EM82I5Q,SDSSJ1524-0052,231.184875,-0.8692222222222,2006-05-21T16:04:33.763000,2006-05-21T16:11:34.893000,420.0,ACS   ,WFC1,CLEAR1L;F814W,8047.958,2007-05-22T15:31:34.230000,J9EM82I5Q,j9em82i5q_drz.fits,mast:HST/product/j9em82i5q_drz.fits,,,/data/bwedig/roman-pandeia/data/mastDownload/SLACS/j9em82i5q_drz.fits,/data/bwedig/roman-pandeia/data/cutouts/SLACS/cutout_WFC1_CLEAR1L;F814W_J9EM82I5Q.fits,94,152444.37-005209.1,924,52409,527,0.1524,0.7323,17.39,s,0.28,J1524-0052,31.0,1.62,0.313,0.82,54.8,150,22,E,S,X, ,231.18487,-0.86919
J9EM60RWQ,SDSSJ1525+0114,231.352625,1.233805555556,2006-04-22T02:14:10.927000,2006-04-22T02:21:11.977000,420.0,ACS   ,WFC1,CLEAR1L;F814W,8047.9375,2007-04-22T10:27:48.170000,J9EM60RWQ,j9em60rwq_drz.fits,mast:HST/product/j9em60rwq_drz.fits,,,/data/bwedig/roman-pandeia/data/mastDownload/SLACS/j9em60rwq_drz.fits,/data/bwedig/roman-pandeia/data/cutouts/SLACS/cutout_WFC1_CLEAR1L;F814W_J9EM60RWQ.fits,96,152524.63+011401.7,313,51673,523,0.1294,0.6269,16.68,s,0.09,J1525+0114,35.3,1.59,0.319,0.85,58.1,158,10,E,S,X, ,231.35262,1.23381
J9OP39010,SDSSJ1525+3327,231.2778764508,33.46318150011,2006-12-19T04:00:08.257000,2006-12-19T04:43:05.307000,2108.0,ACS   ,WFC1,CLEAR1L;F814W,8045.2246,2006-12-19T16:39:08,J9OP39010,j9op39010_drz.fits,mast:HST/product/j9op39010_drz.fits,,,/data/bwedig/roman-pandeia/data/mastDownload/SLACS/j9op39010_drz.fits,/data/bwedig/roman-pandeia/data/cutouts/SLACS/cutout_WFC1_CLEAR1L;F814W_J9OP39010.fits,95,152506.70+332747.4,1387,53118,532,0.3583,0.7173,17.11,d,0.04,J1525+3327,204.0,2.9,0.316,0.61,135.4,264,26,E,S,A, ,231.27792,33.46317
J9EM90INQ,SDSSJ1531-0105,232.9586666667,-1.096,2006-03-15T09:17:27.850000,2006-03-15T09:24:28.897000,420.0,ACS   ,WFC1,CLEAR1L;F814W,8047.9111,2007-03-16T01:18:50.673000,J9EM90INQ,j9em90inq_drz.fits,mast:HST/product/j9em90inq_drz.fits,,,/data/bwedig/roman-pandeia/data/mastDownload/SLACS/j9em90inq_drz.fits,/data/bwedig/roman-pandeia/data/cutouts/SLACS/cutout_WFC1_CLEAR1L;F814W_J9EM90INQ.fits,97,153150.07-010545.7,314,51641,124,0.1596,0.7439,16.08,s,0.26,J1531-0105,112.6,2.5,0.32,0.68,143.5,279,14,E,S,A, ,232.95862,-1.09603
J9OP41010,SDSSJ1537+4125,234.2968724336,41.43184901139,2006-12-22T03:58:52.257000,2006-12-22T04:42:09.307000,2128.0,ACS   ,WFC1,CLEAR1L;F814W,8045.2266,2006-12-22T17:42:15,J9OP41010,j9op41010_drz.fits,mast:HST/product/j9op41010_drz.fits,,,/data/bwedig/roman-pandeia/data/mastDownload/SLACS/j9op41010_drz.fits,/data/bwedig/roman-pandeia/data/cutouts/SLACS/cutout_WFC1_CLEAR1L;F814W_J9OP41010.fits,99,153711.26+412554.6,1679,53149,628,0.1423,0.6811,17.02,d,0.04,J1537+4125,30.3,2.07,0.316,0.84,1.7,204,14,E,S,X, ,234.29692,41.43183
J9EM72RKQ,SDSSJ1538+5817,234.5539166667,58.28602777778,2006-04-09T20:17:12.903000,2006-04-09T20:24:13.920000,420.0,ACS   ,WFC1,CLEAR1L;F814W,8047.9287,2007-04-10T00:31:05.757000,J9EM72RKQ,j9em72rkq_drz.fits,mast:HST/product/j9em72rkq_drz.fits,,,/data/bwedig/roman-pandeia/data/mastDownload/SLACS/j9em72rkq_drz.fits,/data/bwedig/roman-pandeia/data/cutouts/SLACS/cutout_WFC1_CLEAR1L;F814W_J9EM72RKQ.fits,100,153812.92+581709.8,615,52347,594,0.1428,0.5312,16.66,s,0.03,J1538+5817,42.0,1.58,0.311,0.82,153.5,189,12,E,S,A, ,234.55383,58.28606
J9OP42010,SDSSJ1541+4130,235.253164376,41.51632175128,2006-12-22T02:23:14.273000,2006-12-22T03:06:31.320000,2128.0,ACS   ,WFC1,CLEAR1L;F814W,8045.2266,2006-12-22T16:58:37,J9OP42010,j9op42010_drz.fits,mast:HST/product/j9op42010_drz.fits,,,/data/bwedig/roman-pandeia/data/mastDownload/SLACS/j9op42010_drz.fits,/data/bwedig/roman-pandeia/data/cutouts/SLACS/cutout_WFC1_CLEAR1L;F814W_J9OP42010.fits,101,154100.77+413058.7,1053,52468,275,0.1423,0.5033,16.84,d,0.05,J1541+4130,36.2,1.15,0.32,0.42,64.0,215,11,L,S,X, ,235.25321,41.51631
J9EM02PTQ,SDSSJ1550+5258,237.513,52.97958333333,2006-04-28T08:48:31.920000,2006-04-28T08:55:32.970000,420.0,ACS   ,WFC1,CLEAR1L;F814W,8047.9419,2007-04-28T20:09:46.640000,J9EM02PTQ,j9em02ptq_drz.fits,mast:HST/product/j9em02ptq_drz.fits,,,/data/bwedig/roman-pandeia/data/mastDownload/SLACS/j9em02ptq_drz.fits,/data/bwedig/roman-pandeia/data/cutouts/SLACS/cutout_WFC1_CLEAR1L;F814W_J9EM02PTQ.fits,103,155003.12+525846.7,618,52049,458,0.0491,0.7396,15.23,s,0.03,J1550+5258,17.1,2.04,0.335,0.75,108.9,202,10,E,S,B, ,237.513,52.97964
J9OP43010,SDSSJ1604+3355,241.2228320831,33.92950880904,2007-01-07T19:31:45.323000,2007-01-07T20:14:42.340000,2108.0,ACS   ,WFC1,CLEAR1L;F814W,8045.2383,2007-01-08T20:52:07,J9OP43010,j9op43010_drz.fits,mast:HST/product/j9op43010_drz.fits,,,/data/bwedig/roman-pandeia/data/mastDownload/SLACS/j9op43010_drz.fits,/data/bwedig/roman-pandeia/data/cutouts/SLACS/cutout_WFC1_CLEAR1L;F814W_J9OP43010.fits,104,160453.49+335546.2,1418,53142,599,0.0786,0.35,15.36,d,0.05,J1604+3355,40.7,2.59,0.319,0.63,97.2,228,11,E,S,B, ,241.22287,33.9295
J9EM96SHQ,SDSSJ1614+4522,243.65725,45.38147222222,2006-03-11T03:28:38.857000,2006-03-11T03:35:39.787000,420.0,ACS   ,WFC1,CLEAR1L;F814W,8047.9082,2007-03-11T14:28:18.947000,J9EM96SHQ,j9em96shq_drz.fits,mast:HST/product/j9em96shq_drz.fits,,,/data/bwedig/roman-pandeia/data/mastDownload/SLACS/j9em96shq_drz.fits,/data/bwedig/roman-pandeia/data/cutouts/SLACS/cutout_WFC1_CLEAR1L;F814W_J9EM96SHQ.fits,105,161437.74+452253.3,814,52443,510,0.1779,0.8113,16.83,s,0.02,J1614+4522,56.9,2.58,0.316,0.9,60.5,182,13,E,S,B, ,243.65725,45.38147
J9EM0KNOQ,SDSSJ1621+3931,245.3874583333,39.52905555556,2005-07-28T18:26:37.407000,2005-07-28T18:33:38.453000,420.0,ACS   ,WFC1,CLEAR1L;F435W,4329.2349,2006-07-29T10:21:11.613000,J9EM0KNOQ,j9em0knoq_drz.fits,mast:HST/product/j9em0knoq_drz.fits,,,/data/bwedig/roman-pandeia/data/mastDownload/SLACS/j9em0knoq_drz.fits,/data/bwedig/roman-pandeia/data/cutouts/SLACS/cutout_WFC1_CLEAR1L;F435W_J9EM0KNOQ.fits,107,162132.99+393144.6,1172,52759,318,0.2449,0.6021,16.81,s,0.01,J1621+3931,113.2,2.14,0.312,0.73,142.9,236,20,E,S,A, ,245.38746,39.52906
J9EM0KNPQ,SDSSJ1621+3931,245.3874583333,39.52905555556,2005-07-28T18:36:15.390000,2005-07-28T18:43:16.437000,420.0,ACS   ,WFC1,CLEAR1L;F814W,8047.7505,2006-07-29T10:30:58.527000,J9EM0KNPQ,j9em0knpq_drz.fits,mast:HST/product/j9em0knpq_drz.fits,,,/data/bwedig/roman-pandeia/data/mastDownload/SLACS/j9em0knpq_drz.fits,/data/bwedig/roman-pandeia/data/cutouts/SLACS/cutout_WFC1_CLEAR1L;F814W_J9EM0KNPQ.fits,107,162132.99+393144.6,1172,52759,318,0.2449,0.6021,16.81,s,0.01,J1621+3931,113.2,2.14,0.312,0.73,142.9,236,20,E,S,A, ,245.38746,39.52906
J9EM09SJQ,SDSSJ1633-0012,248.4135833333,-0.2155833333333,2006-03-11T05:04:32.873000,2006-03-11T05:11:33.887000,420.0,ACS   ,WFC1,CLEAR1L;F814W,8047.9082,2007-03-11T23:52:37.997000,J9EM09SJQ,j9em09sjq_drz.fits,mast:HST/product/j9em09sjq_drz.fits,,,/data/bwedig/roman-pandeia/data/mastDownload/SLACS/j9em09sjq_drz.fits,/data/bwedig/roman-pandeia/data/cutouts/SLACS/cutout_WFC1_CLEAR1L;F814W_J9EM09SJQ.fits,110,163339.26-001256.2,348,51671,234,0.0702,0.206,15.81,s,0.17,J1633-0012,23.9,2.28,0.323,0.52,169.7,215,11,U,S,X, ,248.41358,-0.21561
J9EM50D2Q,SDSSJ1700+6221,255.05825,62.35261111111,2006-02-07T13:28:52.817000,2006-02-07T13:35:53.863000,420.0,ACS   ,WFC1,CLEAR1L;F814W,8047.8862,2007-02-07T19:01:08.770000,J9EM50D2Q,j9em50d2q_drz.fits,mast:HST/product/j9em50d2q_drz.fits,,,/data/bwedig/roman-pandeia/data/mastDownload/SLACS/j9em50d2q_drz.fits,/data/bwedig/roman-pandeia/data/cutouts/SLACS/cutout_WFC1_CLEAR1L;F814W_J9EM50D2Q.fits,112,170013.98+622109.7,349,51699,43,0.1228,0.3584,16.52,s,0.05,J1700+6221,35.3,1.53,0.314,0.72,118.5,192,10,E,S,X, ,255.05825,62.35269
J9OP45010,SDSSJ1706+3304,256.5153380005,33.06693626758,2007-01-02T04:09:41.280000,2007-01-02T05:52:40.313000,2108.0,ACS   ,WFC1,CLEAR1L;F814W,8045.2344,2007-01-02T16:38:09,J9OP45010,j9op45010_drz.fits,mast:HST/product/j9op45010_drz.fits,,,/data/bwedig/roman-pandeia/data/mastDownload/SLACS/j9op45010_drz.fits,/data/bwedig/roman-pandeia/data/cutouts/SLACS/cutout_WFC1_CLEAR1L;F814W_J9OP45010.fits,114,170603.69+330400.9,974,52427,127,0.1682,0.7736,16.85,d,0.04,J1706+3304,50.5,1.38,0.321,0.79,26.3,225,12,E,S,B, ,256.51537,33.06692
J9EM42HNQ,SDSSJ1717+5739,259.3464166667,57.66333333333,2006-05-02T07:40:11.920000,2006-05-02T07:47:12.967000,420.0,ACS   ,WFC1,CLEAR1L;F814W,8047.9448,2007-05-02T18:28:55.753000,J9EM42HNQ,j9em42hnq_drz.fits,mast:HST/product/j9em42hnq_drz.fits,,,/data/bwedig/roman-pandeia/data/mastDownload/SLACS/j9em42hnq_drz.fits,/data/bwedig/roman-pandeia/data/cutouts/SLACS/cutout_WFC1_CLEAR1L;F814W_J9EM42HNQ.fits,115,171723.13+573948.2,355,51788,542,0.1144,0.5748,16.02,s,0.06,J1717+5739,48.9,2.08,0.315,0.77,145.6,227,11,E,S,X, ,259.34637,57.66339
J9EM0ACNQ,SDSSJ2111-0038,317.8011666667,-0.6407222222222,2005-07-25T10:20:00.380000,2005-07-25T10:27:01.430000,420.0,ACS   ,WFC1,CLEAR1L;F435W,4329.2344,2006-07-25T15:40:21.527000,J9EM0ACNQ,j9em0acnq_drz.fits,mast:HST/product/j9em0acnq_drz.fits,,,/data/bwedig/roman-pandeia/data/mastDownload/SLACS/j9em0acnq_drz.fits,/data/bwedig/roman-pandeia/data/cutouts/SLACS/cutout_WFC1_CLEAR1L;F435W_J9EM0ACNQ.fits,117,211112.27-003826.5,986,52443,256,0.1933,0.4761,, ,0.15,J2111-0038,,,,,,,,E,M,B, ,317.80112,-0.64069
J9EM0ACOQ,SDSSJ2111-0038,317.8011666667,-0.6407222222222,2005-07-25T10:29:38.397000,2005-07-25T10:36:39.447000,420.0,ACS   ,WFC1,CLEAR1L;F814W,8047.748,2006-07-25T16:42:06.270000,J9EM0ACOQ,j9em0acoq_drz.fits,mast:HST/product/j9em0acoq_drz.fits,,,/data/bwedig/roman-pandeia/data/mastDownload/SLACS/j9em0acoq_drz.fits,/data/bwedig/roman-pandeia/data/cutouts/SLACS/cutout_WFC1_CLEAR1L;F814W_J9EM0ACOQ.fits,117,211112.27-003826.5,986,52443,256,0.1933,0.4761,, ,0.15,J2111-0038,,,,,,,,E,M,B, ,317.80112,-0.64069
J9EM92GBQ,SDSSJ2119-0742,319.956875,-7.700472222222,2006-04-14T08:01:02.887000,2006-04-14T08:08:03.937000,420.0,ACS   ,WFC1,CLEAR1L;F814W,8047.9321,2007-04-14T12:27:39.473000,J9EM92GBQ,j9em92gbq_drz.fits,mast:HST/product/j9em92gbq_drz.fits,,,/data/bwedig/roman-pandeia/data/mastDownload/SLACS/j9em92gbq_drz.fits,/data/bwedig/roman-pandeia/data/cutouts/SLACS/cutout_WFC1_CLEAR1L;F814W_J9EM92GBQ.fits,118,211949.65-074201.7,639,52146,142,0.1704,0.5262,16.76,s,0.4,J2119-0742,78.0,1.91,0.311,0.64,139.4,207,17,E,S,B, ,319.95687,-7.70047
J9EM74N1Q,SDSSJ2121+1203,320.463,12.05358333333,2006-04-16T07:26:52.903000,2006-04-16T07:33:53.953000,420.0,ACS   ,WFC1,CLEAR1L;F814W,8047.9336,2007-04-16T18:18:14.067000,J9EM74N1Q,j9em74n1q_drz.fits,mast:HST/product/j9em74n1q_drz.fits,,,/data/bwedig/roman-pandeia/data/mastDownload/SLACS/j9em74n1q_drz.fits,/data/bwedig/roman-pandeia/data/cutouts/SLACS/cutout_WFC1_CLEAR1L;F814W_J9EM74N1Q.fits,119,212151.12+120312.9,730,52466,327,0.1434,0.4862,16.92,s,0.12,J2121+1203,36.3,1.61,0.313,0.59,66.9,194,12,L,S,B, ,320.463,12.05358
J9EM69B6Q,SDSSJ2141-0001,325.4778333333,-0.02008333333333,2006-06-12T06:26:22.967000,2006-06-12T06:33:24.013000,420.0,ACS   ,WFC1,CLEAR1L;F814W,8047.9731,2007-06-12T14:53:47.887000,J9EM69B6Q,j9em69b6q_drz.fits,mast:HST/product/j9em69b6q_drz.fits,,,/data/bwedig/roman-pandeia/data/mastDownload/SLACS/j9em69b6q_drz.fits,/data/bwedig/roman-pandeia/data/cutouts/SLACS/cutout_WFC1_CLEAR1L;F814W_J9EM69B6Q.fits,120,214154.68-000112.3,989,52468,35,0.138,0.7127,16.83,s,0.1,J2141-0001,35.8,1.81,0.3,0.37,88.4,181,14,L,S,A,*,325.47783,-0.02008
J9EM39LVQ,SDSSJ2209-0754,332.4872083333,-7.913305555556,2006-06-18T07:58:38.017000,2006-06-18T08:05:39.067000,420.0,ACS   ,WFC1,CLEAR1L;F814W,8047.9775,2007-06-18T14:19:48.137000,J9EM39LVQ,j9em39lvq_drz.fits,mast:HST/product/j9em39lvq_drz.fits,,,/data/bwedig/roman-pandeia/data/mastDownload/SLACS/j9em39lvq_drz.fits,/data/bwedig/roman-pandeia/data/cutouts/SLACS/cutout_WFC1_CLEAR1L;F814W_J9EM39LVQ.fits,122,220956.93-075447.9,718,52206,475,0.1112,0.2148,17.58,s,0.09,J2209-0754,11.2,0.71,0.317,0.49,178.3,229,16,E,S,X, ,332.48721,-7.91331
J9OP48010,SDSSJ2225+1259,336.4055969855,12.99929914757,2006-08-23T16:21:31.963000,2006-08-23T17:04:16.923000,2096.0,ACS   ,WFC1,CLEAR1L;F814W,8045.1416,2006-08-24T20:12:20,J9OP48010,j9op48010_drz.fits,mast:HST/product/j9op48010_drz.fits,,,/data/bwedig/roman-pandeia/data/mastDownload/SLACS/j9op48010_drz.fits,/data/bwedig/roman-pandeia/data/cutouts/SLACS/cutout_WFC1_CLEAR1L;F814W_J9OP48010.fits,123,222537.34+125957.6,737,52518,119,0.3103,0.6571,18.09,d,0.15,J2225+1259,66.2,0.74,0.325,0.75,136.7,248,24,E,S,X, ,336.40558,12.99933
J9EM26ZUQ,SDSSJ2241+1228,340.482125,12.47052777778,2006-07-30T23:24:57.070000,2006-07-30T23:31:58.087000,420.0,ACS   ,WFC1,CLEAR1L;F814W,8045.125,2007-07-31T04:02:04.630000,J9EM26ZUQ,j9em26zuq_drz.fits,mast:HST/product/j9em26zuq_drz.fits,,,/data/bwedig/roman-pandeia/data/mastDownload/SLACS/j9em26zuq_drz.fits,/data/bwedig/roman-pandeia/data/cutouts/SLACS/cutout_WFC1_CLEAR1L;F814W_J9EM26ZUQ.fits,125,224155.71+122814.0,739,52520,54,0.0998,0.7173,15.92,s,0.07,J2241+1228,40.9,4.55,0.35,0.54,164.8,176,13,L,S,X, ,340.48212,12.47056
J9EM20F4Q,SDSSJ2302-0840,345.5840833333,-8.680388888889,2006-06-16T08:04:23.010000,2006-06-16T08:11:24.057000,420.0,ACS   ,WFC1,CLEAR1L;F814W,8047.9761,2007-06-16T17:12:45.097000,J9EM20F4Q,j9em20f4q_drz.fits,mast:HST/product/j9em20f4q_drz.fits,,,/data/bwedig/roman-pandeia/data/mastDownload/SLACS/j9em20f4q_drz.fits,/data/bwedig/roman-pandeia/data/cutouts/SLACS/cutout_WFC1_CLEAR1L;F814W_J9EM20F4Q.fits,127,230220.18-084049.5,725,52258,463,0.0901,0.2224,15.53,s,0.07,J2302-0840,47.4,2.25,0.325,0.8,169.1,237,12,E,S,A,*,345.58408,-8.68042
J9OP49010,SDSSJ2341+0000,355.2981890207,0.00516325727213,2006-08-24T16:21:51.093000,2006-08-24T17:04:28.140000,2088.0,ACS   ,WFC1,CLEAR1L;F814W,8045.1426,2006-08-25T10:03:48,J9OP49010,j9op49010_drz.fits,mast:HST/product/j9op49010_drz.fits,,,/data/bwedig/roman-pandeia/data/mastDownload/SLACS/j9op49010_drz.fits,/data/bwedig/roman-pandeia/data/cutouts/SLACS/cutout_WFC1_CLEAR1L;F814W_J9OP49010.fits,130,234111.57+000018.7,682,52525,594,0.186,0.807,16.36,d,0.05,J2341+0000,98.7,3.15,0.318,0.59,78.8,207,13,E,S,A, ,355.29821,0.00519
